Doc Ref,Particulars,Qty,UOM,Rate,HSN/SAC,Tax %
INV-3007,Blue ball pen,35,nos,5.49,9608,0.18
INV-3014,PEN BALL BLUE 0.7,182,nos,5.54,9608,0.18
INV-3021,CABLE CU 4SQMM FRLS,65,m,74.14,8544,0.18
INV-3028,LAPTOP i5 16GB 512 SSD,123,nos,63617.86,8471,0.18
INV-3035,HK CONSUMABLES KIT,176,nos,1939.28,3402,0.18
INV-3042,DG SET SERVICE VISIT,120,visit,8356.5,9987,0.18
INV-3049,GLOVES COTTON,151,pair,41.67,6116,0.18
INV-3056,Housekeeping consumable set,68,nos,2003.24,3402,0.18
INV-3063,FTL MDU-MAA,28,trip,21223.04,9965,0.18
INV-3070,CRR-5KG,40,nos,187.3,9968,0.18
INV-3077,AC PM VISIT,159,visit,14769.91,9987,0.18
INV-3084,Copper wire 4 sq.mm FRLS,184,m,74.37,8544,0.18
INV-3091,HR COIL 2.5MM,103,kg,56.42,7208,0.18
INV-3098,SWITCH 24P GIG MANAGED,14,nos,27685.41,8517,0.18
INV-3105,CORRUGATED BOX 5PLY,130,nos,39.88,4819,0.18
INV-3112,HELMET SAFETY ISI,155,nos,315.86,6506,0.18
INV-3119,24 inch LED display 1080p IPS,45,nos,9007.71,8528,0.18
INV-3126,Truck full load Madurai Chennai,200,trip,21189.04,9965,0.18
INV-3133,CU-CBL-4SQMM,159,m,72.87,8544,0.18
INV-3140,Aircon servicing,13,visit,14351.82,9987,0.18
INV-3147,Enamel paint 20 litre,195,nos,4554.66,3208,0.18
INV-3154,TRANSPORT MDU>CHN,17,trip,21898.03,9965,0.18
INV-3161,24-PORT L2 SWITCH,143,nos,27727.44,8517,0.18
INV-3168,SITE MAINTENANCE MONTHLY,197,month,83387.45,9985,0.18
INV-3175,TRANSPORT MDU>CHN,80,trip,21628.73,9965,0.18
INV-3182,Notebook computer intel i5,159,nos,63813.1,8471,0.18
INV-3189,LIGHT-LED-36W,131,nos,1060.31,9405,0.18
INV-3196,Professional retainer compliance,95,month,149342.63,9982,0.18
INV-3203,CABLE CU 4SQMM FRLS,16,m,75.38,8544,0.18
INV-3210,HELMET SAFETY ISI,89,nos,300.98,6506,0.18
INV-3217,Facility upkeep monthly,20,month,81481.87,9985,0.18
INV-3224,24-PORT L2 SWITCH,51,nos,28125.93,8517,0.18
INV-3231,Professional retainer compliance,157,month,142910.91,9982,0.18
INV-3238,AC PM VISIT,146,visit,14516.67,9987,0.18
INV-3245,HELMET SAFETY ISI,22,nos,310.14,6506,0.18
INV-3252,A4 PAPER 75GSM RM,109,ream,194.28,4802,0.18
INV-3259,HRC-2.5,22,kg,56.43,7208,0.18
INV-3266,CORRUGATED BOX 5PLY,94,nos,38.67,4819,0.18
INV-3273,LED PANEL 36W 2X2,53,nos,1065.02,9405,0.18
INV-3280,LIGHT-LED-36W,81,nos,1098.17,9405,0.18
INV-3287,SITE MAINTENANCE MONTHLY,62,month,83912.6,9985,0.18
INV-3294,5 ply carton box,30,nos,39.39,4819,0.18
INV-3301,"Paper, A4, white, 75gsm",102,ream,189.19,4802,0.18
INV-3308,SITE MAINTENANCE MONTHLY,74,month,84561.57,9985,0.18
INV-3315,Laptop corporate i5/16/512,79,nos,64045.85,8471,0.18
INV-3322,HR COIL 2.5MM,10,kg,56.08,7208,0.18
INV-3329,STRETCH FILM 23MIC,152,roll,1252.12,3920,0.18
INV-3336,Copier paper A-4 (75 gsm) 500sh,90,ream,197.29,4802,0.18
INV-3343,Professional retainer compliance,105,month,144232.94,9982,0.18
INV-3350,Mild steel angle 50mm,191,kg,57.53,7216,0.18
INV-3357,MS ANGLE 50X50X6,74,kg,59.79,7216,0.18
INV-3364,LAPTOP i5 16GB 512 SSD,170,nos,64047.77,8471,0.18
INV-3371,BOX 5-PLY LARGE,65,nos,39.19,4819,0.18
INV-3378,Aircon servicing,50,visit,14871.68,9987,0.18
INV-3385,BOX 5-PLY LARGE,193,nos,39.75,4819,0.18
INV-3392,Housekeeping services plant,57,month,84662.59,9985,0.18
INV-3399,CRR-5KG,194,nos,188.03,9968,0.18
INV-3406,UPS-1K-LI,144,nos,7039.14,8504,0.18
INV-3413,LLDPE wrap film,23,roll,1249.22,3920,0.18
INV-3420,ANGLE-MS-50,182,kg,58.81,7216,0.18
INV-3427,24 port gigabit switch,88,nos,27479.8,8517,0.18
INV-3434,HELMET SAFETY ISI,151,nos,308.73,6506,0.18
INV-3441,CRR-5KG,115,nos,184.09,9968,0.18
INV-3448,B/P PEN BLU,26,nos,5.49,9608,0.18
INV-3455,"Paper, A4, white, 75gsm",147,ream,189.16,4802,0.18
INV-3462,SWITCH 24P GIG MANAGED,85,nos,27553.81,8517,0.18
INV-3469,HK CONSUMABLES KIT,15,nos,1922.72,3402,0.18
INV-3476,CU-CBL-4SQMM,24,m,71.42,8544,0.18
INV-3483,CU-CBL-4SQMM,65,m,72.33,8544,0.18
INV-3490,PPE-GLV-CTN,152,pair,41.85,6116,0.18
INV-3497,CORRUGATED BOX 5PLY,10,nos,40.06,4819,0.18
INV-3504,LAPTOP i5 16GB 512 SSD,80,nos,62719.21,8471,0.18
INV-3511,Generator servicing call,138,visit,8402.77,9987,0.18
INV-3518,CRR-5KG,162,nos,183.05,9968,0.18
INV-3525,LLDPE wrap film,176,roll,1226.93,3920,0.18
INV-3532,LED PANEL 36W 2X2,200,nos,1079.82,9405,0.18
INV-3539,Copier paper A-4 (75 gsm) 500sh,197,ream,192.63,4802,0.18
INV-3546,CRR-5KG,73,nos,181.77,9968,0.18
INV-3553,Copier paper A-4 (75 gsm) 500sh,165,ream,189.85,4802,0.18
INV-3560,Generator servicing call,89,visit,8684.9,9987,0.18
INV-3567,HK-KIT,156,nos,1918.88,3402,0.18
INV-3574,HK-KIT,76,nos,1894.3,3402,0.18
INV-3581,A4 PAPER 75GSM RM,14,ream,194.04,4802,0.18
INV-3588,5 ply carton box,172,nos,39.6,4819,0.18
INV-3595,SWITCH 24P GIG MANAGED,5,nos,28255.99,8517,0.18
INV-3602,GLOVES COTTON,161,pair,41.06,6116,0.18
INV-3609,A4 PAPER 75GSM RM,90,ream,193.94,4802,0.18
INV-3616,SITE MAINTENANCE MONTHLY,79,month,85546.98,9985,0.18
INV-3623,B/P PEN BLU,129,nos,5.4,9608,0.18
INV-3630,UPS-1K-LI,162,nos,6737.86,8504,0.18
INV-3637,HK-KIT,144,nos,1956.8,3402,0.18
INV-3644,HRC-2.5,58,kg,54.72,7208,0.18
INV-3651,Panel light LED 36 watt,54,nos,1093.55,9405,0.18
INV-3658,Industrial safety helmet,20,nos,301.27,6506,0.18
INV-3665,TONER 12A,15,nos,4294.96,8443,0.18
INV-3672,Enamel paint 20 litre,97,nos,4564.2,3208,0.18
INV-3679,24-PORT L2 SWITCH,144,nos,28151.59,8517,0.18
INV-3686,TONER 12A,113,nos,4096.04,8443,0.18
INV-3693,Panel light LED 36 watt,189,nos,1070.89,9405,0.18
INV-3700,UPS-1K-LI,177,nos,6855.7,8504,0.18
INV-3707,CRR-5KG,16,nos,181.82,9968,0.18
INV-3714,Housekeeping consumable set,71,nos,1993.4,3402,0.18
INV-3721,HVAC preventive maint,151,visit,14805.37,9987,0.18
INV-3728,PNT-ENML-20,106,nos,4382.05,3208,0.18
INV-3735,Blue ball pen,135,nos,5.56,9608,0.18
INV-3742,Courier docket upto 5 kg,10,nos,187.64,9968,0.18
INV-3749,TONER 12A,135,nos,4265.16,8443,0.18
INV-3756,LIGHT-LED-36W,154,nos,1096.64,9405,0.18
INV-3763,Enamel paint 20 litre,42,nos,4533.92,3208,0.18
INV-3770,HELMET SAFETY ISI,187,nos,306.82,6506,0.18
INV-3777,HK-KIT,40,nos,1914.8,3402,0.18
INV-3784,24 inch LED display 1080p IPS,198,nos,9095.56,8528,0.18
INV-3791,COURIER <5KG,118,nos,189.18,9968,0.18
INV-3798,UPS 1KVA,188,nos,6721.71,8504,0.18
INV-3805,A4 PAPER 75GSM RM,66,ream,186.72,4802,0.18
INV-3812,PPE-GLV-CTN,167,pair,41.88,6116,0.18
INV-3819,CU-CBL-4SQMM,120,m,73.56,8544,0.18
INV-3826,HRC-2.5,48,kg,53.29,7208,0.18
INV-3833,Pallet wrap 23 micron,33,roll,1218.93,3920,0.18
INV-3840,CU-CBL-4SQMM,159,m,74.89,8544,0.18
INV-3847,PNT-ENML-20,56,nos,4580.17,3208,0.18
INV-3854,CABLE CU 4SQMM FRLS,172,m,73.67,8544,0.18
INV-3861,Industrial safety helmet,161,nos,315.97,6506,0.18
INV-3868,UPS 1KVA,189,nos,6774.84,8504,0.18
INV-3875,24 inch LED display 1080p IPS,9,nos,9122.5,8528,0.18
INV-3882,24-PORT L2 SWITCH,31,nos,27392.6,8517,0.18
INV-3889,24-PORT L2 SWITCH,182,nos,27484.05,8517,0.18
INV-3896,24 inch LED display 1080p IPS,159,nos,9287.52,8528,0.18
INV-3903,COMPLIANCE RETAINER MONTHLY,113,month,142875.37,9982,0.18
INV-3910,HRC-2.5,98,kg,54.42,7208,0.18
INV-3917,PEN BALL BLUE 0.7,55,nos,5.44,9608,0.18
INV-3924,Facility upkeep monthly,105,month,81483.9,9985,0.18
INV-3931,LED PANEL 36W 2X2,55,nos,1059.48,9405,0.18
INV-3938,HK-KIT,9,nos,2001.24,3402,0.18
INV-3945,DG SET SERVICE VISIT,188,visit,8843.51,9987,0.18
INV-3952,GLOVES COTTON,169,pair,41.88,6116,0.18
INV-3959,Screen 24in IPS FHD,18,nos,9070.44,8528,0.18
INV-3966,HR COIL 2.5MM,65,kg,53.81,7208,0.18
INV-3973,24 port gigabit switch,37,nos,26804.29,8517,0.18
INV-3980,UPS 1KVA,173,nos,6984.11,8504,0.18
INV-3987,Copper wire 4 sq.mm FRLS,92,m,71.1,8544,0.18
INV-3994,Housekeeping services plant,70,month,85723.02,9985,0.18
INV-4001,Panel light LED 36 watt,27,nos,1073.02,9405,0.18
INV-4008,Professional retainer compliance,171,month,140836.46,9982,0.18
INV-4015,UPS 1KVA,31,nos,6925.52,8504,0.18
INV-4022,A4 PAPER 75GSM RM,193,ream,186.26,4802,0.18
INV-4029,Uninterruptible power supply 1kva,166,nos,6742.57,8504,0.18
INV-4036,B/P PEN BLU,30,nos,5.53,9608,0.18
INV-4043,CABLE CU 4SQMM FRLS,87,m,74.24,8544,0.18
INV-4050,ADVISORY RETAINER,136,month,141629.34,9982,0.18
INV-4057,Housekeeping services plant,200,month,86411.39,9985,0.18
INV-4064,SITE MAINTENANCE MONTHLY,38,month,84679.79,9985,0.18
INV-4071,HR COIL 2.5MM,61,kg,55.81,7208,0.18
INV-4078,STRETCH FILM 23MIC,139,roll,1272.85,3920,0.18
INV-4085,Copper wire 4 sq.mm FRLS,177,m,72.96,8544,0.18
INV-4092,MONITOR 24 FHD IPS,164,nos,9211.06,8528,0.18
INV-4099,LIGHT-LED-36W,62,nos,1059.17,9405,0.18
INV-4106,TONER 12A,51,nos,4154.25,8443,0.18
INV-4113,TONER 12A,82,nos,4296.53,8443,0.18
INV-4120,PPE-GLV-CTN,18,pair,42.41,6116,0.18
INV-4127,Facility upkeep monthly,40,month,81559.76,9985,0.18
INV-4134,PNT-ENML-20,34,nos,4535.84,3208,0.18
INV-4141,STRETCH FILM 23MIC,40,roll,1264.74,3920,0.18
INV-4148,HRC-2.5,149,kg,53.63,7208,0.18
INV-4155,TRANSPORT MDU>CHN,142,trip,21350.21,9965,0.18
INV-4162,LED PANEL 36W 2X2,16,nos,1076.07,9405,0.18
INV-4169,PNT-ENML-20,123,nos,4575.28,3208,0.18
INV-4176,Copper wire 4 sq.mm FRLS,90,m,71.43,8544,0.18
INV-4183,HK CONSUMABLES KIT,111,nos,1968.51,3402,0.18
INV-4190,CORRUGATED BOX 5PLY,200,nos,39.27,4819,0.18
INV-4197,CU-CBL-4SQMM,188,m,71.09,8544,0.18
INV-4204,24 port gigabit switch,124,nos,27638.8,8517,0.18
INV-4211,24 inch LED display 1080p IPS,18,nos,9061.9,8528,0.18
INV-4218,HELMET SAFETY ISI,113,nos,311.88,6506,0.18
INV-4225,DG SET SERVICE VISIT,66,visit,8599.37,9987,0.18
INV-4232,CORRUGATED BOX 5PLY,110,nos,40.43,4819,0.18
INV-4239,HK CONSUMABLES KIT,43,nos,1983.85,3402,0.18
INV-4246,LLDPE wrap film,94,roll,1274.84,3920,0.18
INV-4253,CABLE CU 4SQMM FRLS,186,m,71.03,8544,0.18
INV-4260,CABLE CU 4SQMM FRLS,158,m,73.5,8544,0.18
INV-4267,Housekeeping services plant,149,month,84172.46,9985,0.18
INV-4274,Facility upkeep monthly,133,month,84742.94,9985,0.18
INV-4281,UPS 1KVA,137,nos,6798.12,8504,0.18
INV-4288,HK CONSUMABLES KIT,74,nos,1987.96,3402,0.18
INV-4295,TONER 12A,163,nos,4131.6,8443,0.18
INV-4302,BOX 5-PLY LARGE,115,nos,40.55,4819,0.18
INV-4309,Copper wire 4 sq.mm FRLS,145,m,71.51,8544,0.18
INV-4316,A4 PAPER 75GSM RM,97,ream,192.78,4802,0.18
INV-4323,Mild steel angle 50mm,170,kg,57.96,7216,0.18
INV-4330,Hot rolled coil 2.5,19,kg,55.35,7208,0.18
INV-4337,Generator servicing call,131,visit,8365.92,9987,0.18
INV-4344,LAPTOP i5 16GB 512 SSD,19,nos,61188.03,8471,0.18
INV-4351,"Paper, A4, white, 75gsm",27,ream,193.46,4802,0.18
INV-4358,Copper wire 4 sq.mm FRLS,72,m,72.09,8544,0.18
INV-4365,Hot rolled coil 2.5,194,kg,55.35,7208,0.18
INV-4372,24 inch LED display 1080p IPS,91,nos,9212.83,8528,0.18
INV-4379,ANGLE-MS-50,120,kg,58.74,7216,0.18
INV-4386,24 port gigabit switch,163,nos,26975.87,8517,0.18
INV-4393,PPE-HELMET,82,nos,312.42,6506,0.18
INV-4400,DG-PM-VISIT,199,visit,8720.52,9987,0.18
INV-4407,24 port gigabit switch,138,nos,27459.46,8517,0.18
INV-4414,HK CONSUMABLES KIT,96,nos,1996.42,3402,0.18
INV-4421,LLDPE wrap film,149,roll,1256.92,3920,0.18
INV-4428,TNR-12A,21,nos,4251.87,8443,0.18
INV-4435,Copper wire 4 sq.mm FRLS,195,m,71.29,8544,0.18
INV-4442,DG SET SERVICE VISIT,77,visit,8403.59,9987,0.18
INV-4449,24 inch LED display 1080p IPS,183,nos,8952.58,8528,0.18
INV-4456,ADVISORY RETAINER,153,month,147790.56,9982,0.18
INV-4463,Aircon servicing,87,visit,14632.24,9987,0.18
INV-4470,ANGLE-MS-50,128,kg,57.93,7216,0.18
INV-4477,Courier docket upto 5 kg,119,nos,190.02,9968,0.18
INV-4484,UPS-1K-LI,45,nos,7097.08,8504,0.18
INV-4491,UPS-1K-LI,140,nos,6844.38,8504,0.18
INV-4498,24 inch LED display 1080p IPS,63,nos,8981.04,8528,0.18
INV-4505,24-PORT L2 SWITCH,47,nos,26852.36,8517,0.18
INV-4512,TNR-12A,90,nos,4076.63,8443,0.18
INV-4519,"Paper, A4, white, 75gsm",161,ream,196.77,4802,0.18
INV-4526,Industrial safety helmet,156,nos,302.92,6506,0.18
INV-4533,LED PANEL 36W 2X2,186,nos,1097.08,9405,0.18
INV-4540,Mild steel angle 50mm,95,kg,59.56,7216,0.18
INV-4547,PNT-ENML-20,117,nos,4411.22,3208,0.18
INV-4554,A4 PAPER 75GSM RM,153,ream,187.42,4802,0.18
INV-4561,MONITOR 24 FHD IPS,41,nos,9064.09,8528,0.18
INV-4568,CABLE CU 4SQMM FRLS,98,m,71.74,8544,0.18
INV-4575,Copper wire 4 sq.mm FRLS,107,m,73.38,8544,0.18
INV-4582,CU-CBL-4SQMM,183,m,74.74,8544,0.18
INV-4589,A4 PAPER 75GSM RM,114,ream,192.6,4802,0.18
INV-4596,Mild steel angle 50mm,72,kg,57.44,7216,0.18
INV-4603,SITE MAINTENANCE MONTHLY,21,month,86117.21,9985,0.18
INV-4610,COMPLIANCE RETAINER MONTHLY,167,month,142731.19,9982,0.18
INV-4617,PPE-HELMET,126,nos,314.86,6506,0.18
INV-4624,HR COIL 2.5MM,125,kg,55.02,7208,0.18
INV-4631,Pallet wrap 23 micron,34,roll,1235.42,3920,0.18
INV-4638,CU-CBL-4SQMM,108,m,73.73,8544,0.18
INV-4645,24 port gigabit switch,139,nos,26923.47,8517,0.18
INV-4652,A4 PAPER 75GSM RM,91,ream,196.68,4802,0.18
INV-4659,CORRUGATED BOX 5PLY,69,nos,39.27,4819,0.18
INV-4666,PEN BALL BLUE 0.7,73,nos,5.41,9608,0.18
INV-4673,UPS-1K-LI,99,nos,7036.12,8504,0.18
INV-4680,HK-KIT,57,nos,1954.12,3402,0.18
INV-4687,STRETCH FILM 23MIC,81,roll,1212.22,3920,0.18
INV-4694,ANGLE-MS-50,181,kg,58.36,7216,0.18
INV-4701,MONITOR 24 FHD IPS,197,nos,9071.89,8528,0.18
INV-4708,Courier docket upto 5 kg,81,nos,184.98,9968,0.18
INV-4715,Hot rolled coil 2.5,72,kg,54.92,7208,0.18
INV-4722,COURIER <5KG,142,nos,186.96,9968,0.18
INV-4729,STRETCH FILM 23MIC,198,roll,1243.05,3920,0.18
INV-4736,PPE-GLV-CTN,14,pair,41.94,6116,0.18
INV-4743,CORRUGATED BOX 5PLY,189,nos,39.55,4819,0.18
INV-4750,TONER 12A,118,nos,4075.35,8443,0.18
INV-4757,DG SET SERVICE VISIT,152,visit,8695.41,9987,0.18
INV-4764,Truck full load Madurai Chennai,81,trip,21920.62,9965,0.18
INV-4771,LLDPE wrap film,78,roll,1265.94,3920,0.18
INV-4778,24 port gigabit switch,29,nos,28411.38,8517,0.18
INV-4785,FTL MDU-MAA,102,trip,21516.19,9965,0.18
INV-4792,Pallet wrap 23 micron,9,roll,1239.96,3920,0.18
INV-4799,ADVISORY RETAINER,68,month,149221.85,9982,0.18
INV-4806,CRR-5KG,29,nos,190.47,9968,0.18
INV-4813,24-PORT L2 SWITCH,97,nos,28140.77,8517,0.18
INV-4820,COURIER <5KG,152,nos,190.05,9968,0.18
INV-4827,GLOVES COTTON,163,pair,42.91,6116,0.18
INV-4834,LIGHT-LED-36W,24,nos,1093.12,9405,0.18
INV-4841,HK-KIT,167,nos,1915.26,3402,0.18
INV-4848,"Paper, A4, white, 75gsm",27,ream,197.17,4802,0.18
INV-4855,COMPLIANCE RETAINER MONTHLY,77,month,143658.36,9982,0.18
INV-4862,HR COIL 2.5MM,95,kg,56.35,7208,0.18
INV-4869,Copper wire 4 sq.mm FRLS,60,m,74.12,8544,0.18
INV-4876,FTL MDU-MAA,24,trip,21484.52,9965,0.18
INV-4883,PPE-HELMET,183,nos,309.75,6506,0.18
INV-4890,HK CONSUMABLES KIT,20,nos,1923.98,3402,0.18
INV-4897,GLOVES COTTON,36,pair,41.76,6116,0.18
INV-4904,HELMET SAFETY ISI,125,nos,315.71,6506,0.18
INV-4911,Blue ball pen,158,nos,5.52,9608,0.18
INV-4918,Housekeeping services plant,117,month,83508.45,9985,0.18
INV-4925,24-PORT L2 SWITCH,73,nos,27117.2,8517,0.18
INV-4932,24 inch LED display 1080p IPS,59,nos,9068.05,8528,0.18
INV-4939,Housekeeping consumable set,15,nos,1998.94,3402,0.18
INV-4946,CABLE CU 4SQMM FRLS,13,m,74.48,8544,0.18
INV-4953,HK-KIT,99,nos,1929.69,3402,0.18
INV-4960,UPS-1K-LI,35,nos,7037.62,8504,0.18
INV-4967,TNR-12A,56,nos,4121.14,8443,0.18
INV-4974,Hand gloves cotton pair,108,pair,43.21,6116,0.18
INV-4981,CU-CBL-4SQMM,69,m,73.99,8544,0.18
INV-4988,PAINT ENAMEL 20L,68,nos,4377.03,3208,0.18
INV-4995,Mild steel angle 50mm,165,kg,57.1,7216,0.18
INV-5002,TONER 12A,80,nos,4169.45,8443,0.18
INV-5009,Copier paper A-4 (75 gsm) 500sh,90,ream,191.36,4802,0.18
INV-5016,Facility upkeep monthly,49,month,85575.26,9985,0.18
INV-5023,SITE MAINTENANCE MONTHLY,60,month,84870.88,9985,0.18
INV-5030,Hand gloves cotton pair,146,pair,43.08,6116,0.18
INV-5037,Enamel paint 20 litre,159,nos,4470.75,3208,0.18
INV-5044,BOX 5-PLY LARGE,87,nos,38.66,4819,0.18
INV-5051,Mild steel angle 50mm,106,kg,58.31,7216,0.18
INV-5058,PNT-ENML-20,119,nos,4501.79,3208,0.18
INV-5065,Facility upkeep monthly,24,month,86342.16,9985,0.18
INV-5072,Aircon servicing,93,visit,14748.76,9987,0.18
INV-5079,MONITOR 24 FHD IPS,123,nos,9168.89,8528,0.18
INV-5086,HR COIL 2.5MM,112,kg,55.98,7208,0.18
INV-5093,Mild steel angle 50mm,174,kg,58.27,7216,0.18
INV-5100,MS ANGLE 50X50X6,74,kg,58.47,7216,0.18
INV-5107,TRANSPORT MDU>CHN,6,trip,21249.06,9965,0.18
INV-5114,PEN BALL BLUE 0.7,25,nos,5.33,9608,0.18
INV-5121,Uninterruptible power supply 1kva,113,nos,6898.84,8504,0.18
INV-5128,"Paper, A4, white, 75gsm",21,ream,192.14,4802,0.18
INV-5135,Truck full load Madurai Chennai,109,trip,21775.63,9965,0.18
INV-5142,CABLE CU 4SQMM FRLS,8,m,71.96,8544,0.18
INV-5149,ANGLE-MS-50,115,kg,57.05,7216,0.18
INV-5156,CRR-5KG,154,nos,181.67,9968,0.18
INV-5163,Blue ball pen,141,nos,5.32,9608,0.18
INV-5170,Hot rolled coil 2.5,138,kg,55.07,7208,0.18
INV-5177,LAPTOP i5 16GB 512 SSD,162,nos,62420.47,8471,0.18
INV-5184,MS ANGLE 50X50X6,92,kg,58.07,7216,0.18
INV-5191,BOX 5-PLY LARGE,10,nos,39.02,4819,0.18
INV-5198,HRC-2.5,22,kg,55.16,7208,0.18
INV-5205,Housekeeping consumable set,134,nos,1948.42,3402,0.18
INV-5212,TONER 12A,173,nos,4140.63,8443,0.18
INV-5219,MS ANGLE 50X50X6,149,kg,58.09,7216,0.18
INV-5226,ANGLE-MS-50,183,kg,56.6,7216,0.18
INV-5233,SITE MAINTENANCE MONTHLY,125,month,82254.24,9985,0.18
INV-5240,Hand gloves cotton pair,102,pair,41.18,6116,0.18
INV-5247,HK CONSUMABLES KIT,11,nos,1923.38,3402,0.18
INV-5254,AC PM VISIT,152,visit,14591.65,9987,0.18
INV-5261,Cartridge toner 12A compatible,179,nos,4162.85,8443,0.18
INV-5268,24-PORT L2 SWITCH,55,nos,28146.04,8517,0.18
INV-5275,DG-PM-VISIT,92,visit,8387.71,9987,0.18
INV-5282,Enamel paint 20 litre,195,nos,4370.95,3208,0.18
INV-5289,Enamel paint 20 litre,108,nos,4519.83,3208,0.18
INV-5296,CU-CBL-4SQMM,21,m,71.75,8544,0.18
INV-5303,SITE MAINTENANCE MONTHLY,192,month,83745.88,9985,0.18
INV-5310,BOX 5-PLY LARGE,24,nos,38.5,4819,0.18
INV-5317,STRETCH FILM 23MIC,41,roll,1233.68,3920,0.18
INV-5324,24-PORT L2 SWITCH,106,nos,27719.47,8517,0.18
INV-5331,Professional retainer compliance,161,month,143757.61,9982,0.18
INV-5338,PPE-GLV-CTN,191,pair,42.56,6116,0.18
INV-5345,PPE-HELMET,190,nos,301.17,6506,0.18
INV-5352,SWITCH 24P GIG MANAGED,19,nos,28315.94,8517,0.18
INV-5359,ANGLE-MS-50,10,kg,59.4,7216,0.18
INV-5366,MS ANGLE 50X50X6,129,kg,57.86,7216,0.18
INV-5373,HR COIL 2.5MM,50,kg,53.24,7208,0.18
INV-5380,HELMET SAFETY ISI,106,nos,317.08,6506,0.18
INV-5387,GLOVES COTTON,53,pair,41.98,6116,0.18
INV-5394,Enamel paint 20 litre,35,nos,4365.01,3208,0.18
INV-5401,ANGLE-MS-50,157,kg,59.49,7216,0.18
INV-5408,AC PM VISIT,131,visit,14454.72,9987,0.18
INV-5415,MS ANGLE 50X50X6,7,kg,57.74,7216,0.18
INV-5422,Hot rolled coil 2.5,159,kg,54.05,7208,0.18
INV-5429,Copper wire 4 sq.mm FRLS,147,m,74.84,8544,0.18
INV-5436,STRETCH FILM 23MIC,174,roll,1214.76,3920,0.18
INV-5443,LAPTOP i5 16GB 512 SSD,64,nos,62788.16,8471,0.18
INV-5450,HVAC preventive maint,157,visit,14554.24,9987,0.18
INV-5457,CABLE CU 4SQMM FRLS,7,m,72.68,8544,0.18
INV-5464,Copper wire 4 sq.mm FRLS,59,m,71.73,8544,0.18
INV-5471,Generator servicing call,21,visit,8412.29,9987,0.18
INV-5478,CU-CBL-4SQMM,62,m,74.34,8544,0.18
INV-5485,Copper wire 4 sq.mm FRLS,120,m,75.06,8544,0.18
INV-5492,Mild steel angle 50mm,116,kg,57.66,7216,0.18
INV-5499,CU-CBL-4SQMM,39,m,72.8,8544,0.18
INV-5506,24-PORT L2 SWITCH,43,nos,27207.33,8517,0.18
INV-5513,Hand gloves cotton pair,96,pair,41.91,6116,0.18
INV-5520,CU-CBL-4SQMM,96,m,72.54,8544,0.18
INV-5527,HVAC preventive maint,73,visit,14285.03,9987,0.18
INV-5534,DG-PM-VISIT,184,visit,8754.37,9987,0.18
INV-5541,ANGLE-MS-50,105,kg,59.22,7216,0.18
INV-5548,LAPTOP i5 16GB 512 SSD,52,nos,62572.17,8471,0.18
INV-5555,AC PM VISIT,101,visit,14912.44,9987,0.18
INV-5562,Courier docket upto 5 kg,87,nos,183.85,9968,0.18
INV-5569,CABLE CU 4SQMM FRLS,165,m,73.87,8544,0.18
INV-5576,Enamel paint 20 litre,60,nos,4350.12,3208,0.18
INV-5583,HELMET SAFETY ISI,11,nos,310.69,6506,0.18
INV-5590,COMPLIANCE RETAINER MONTHLY,193,month,142196.35,9982,0.18
INV-5597,DG-PM-VISIT,90,visit,8518.08,9987,0.18
INV-5604,Aircon servicing,90,visit,14255.38,9987,0.18
INV-5611,GLOVES COTTON,172,pair,41.68,6116,0.18
INV-5618,B/P PEN BLU,6,nos,5.53,9608,0.18
INV-5625,COMPLIANCE RETAINER MONTHLY,40,month,147279.5,9982,0.18
INV-5632,Panel light LED 36 watt,164,nos,1088.85,9405,0.18
INV-5639,CABLE CU 4SQMM FRLS,69,m,74.49,8544,0.18
INV-5646,CABLE CU 4SQMM FRLS,129,m,72.08,8544,0.18
INV-5653,CABLE CU 4SQMM FRLS,17,m,71.27,8544,0.18
INV-5660,COURIER <5KG,134,nos,188.57,9968,0.18
INV-5667,LLDPE wrap film,47,roll,1259.14,3920,0.18
INV-5674,Hand gloves cotton pair,17,pair,41.7,6116,0.18
INV-5681,AC PM VISIT,164,visit,14079.08,9987,0.18
INV-5688,CABLE CU 4SQMM FRLS,162,m,72.03,8544,0.18
INV-5695,MONITOR 24 FHD IPS,132,nos,9108.32,8528,0.18
INV-5702,SWITCH 24P GIG MANAGED,141,nos,28285.95,8517,0.18
INV-5709,HELMET SAFETY ISI,110,nos,311.14,6506,0.18
INV-5716,Copper wire 4 sq.mm FRLS,153,m,74.77,8544,0.18
INV-5723,LAPTOP i5 16GB 512 SSD,62,nos,61682.09,8471,0.18
INV-5730,DG SET SERVICE VISIT,96,visit,8606.26,9987,0.18
INV-5737,TONER 12A,109,nos,4196.11,8443,0.18
INV-5744,TRANSPORT MDU>CHN,77,trip,21904.22,9965,0.18
INV-5751,CRR-5KG,97,nos,180.99,9968,0.18
INV-5758,SITE MAINTENANCE MONTHLY,100,month,82554.09,9985,0.18
INV-5765,LAPTOP i5 16GB 512 SSD,95,nos,62022.9,8471,0.18
INV-5772,PAINT ENAMEL 20L,52,nos,4405.71,3208,0.18
INV-5779,DG-PM-VISIT,187,visit,8639.96,9987,0.18
INV-5786,ADVISORY RETAINER,65,month,148197.68,9982,0.18
INV-5793,Professional retainer compliance,149,month,143735.06,9982,0.18
INV-5800,FTL MDU-MAA,47,trip,21909.1,9965,0.18
INV-5807,CRR-5KG,12,nos,190.06,9968,0.18
INV-5814,DG-PM-VISIT,179,visit,8637.23,9987,0.18
INV-5821,CABLE CU 4SQMM FRLS,58,m,74.62,8544,0.18
INV-5828,HK-KIT,37,nos,1998.45,3402,0.18
INV-5835,B/P PEN BLU,104,nos,5.25,9608,0.18
INV-5842,MS ANGLE 50X50X6,11,kg,58.59,7216,0.18
INV-5849,Pallet wrap 23 micron,110,roll,1213.57,3920,0.18
INV-5856,COURIER <5KG,17,nos,179.94,9968,0.18
INV-5863,Hot rolled coil 2.5,9,kg,56.06,7208,0.18
INV-5870,Hand gloves cotton pair,169,pair,42.83,6116,0.18
INV-5877,Generator servicing call,136,visit,8504.96,9987,0.18
INV-5884,STRETCH FILM 23MIC,190,roll,1202.98,3920,0.18
INV-5891,SWITCH 24P GIG MANAGED,133,nos,27604.37,8517,0.18
INV-5898,HVAC preventive maint,111,visit,14343.1,9987,0.18
INV-5905,TRANSPORT MDU>CHN,148,trip,21175.79,9965,0.18
INV-5912,Industrial safety helmet,66,nos,308.14,6506,0.18
INV-5919,Enamel paint 20 litre,167,nos,4467.29,3208,0.18
INV-5926,ANGLE-MS-50,86,kg,59.89,7216,0.18
INV-5933,Hot rolled coil 2.5,48,kg,54.05,7208,0.18
INV-5940,Panel light LED 36 watt,164,nos,1088.21,9405,0.18
INV-5947,Truck full load Madurai Chennai,69,trip,21719.21,9965,0.18
INV-5954,TRANSPORT MDU>CHN,20,trip,21905.65,9965,0.18
INV-5961,CRR-5KG,146,nos,189.58,9968,0.18
INV-5968,FTL MDU-MAA,37,trip,20771.03,9965,0.18
INV-5975,B/P PEN BLU,30,nos,5.53,9608,0.18
INV-5982,Hand gloves cotton pair,169,pair,42.55,6116,0.18
INV-5989,CU-CBL-4SQMM,119,m,75.21,8544,0.18
INV-5996,Aircon servicing,168,visit,14918.07,9987,0.18
INV-6003,SWITCH 24P GIG MANAGED,100,nos,28034.93,8517,0.18
INV-6010,Screen 24in IPS FHD,6,nos,8943.03,8528,0.18
INV-6017,PAINT ENAMEL 20L,97,nos,4510.66,3208,0.18
INV-6024,LLDPE wrap film,130,roll,1273.23,3920,0.18
INV-6031,Facility upkeep monthly,90,month,86335.65,9985,0.18
INV-6038,Pallet wrap 23 micron,156,roll,1243.95,3920,0.18
INV-6045,Courier docket upto 5 kg,8,nos,184.41,9968,0.18
INV-6052,Pallet wrap 23 micron,91,roll,1267.09,3920,0.18
INV-6059,Copper wire 4 sq.mm FRLS,32,m,71.29,8544,0.18
INV-6066,24-PORT L2 SWITCH,34,nos,27695.1,8517,0.18
INV-6073,CABLE CU 4SQMM FRLS,76,m,72.0,8544,0.18
INV-6080,B/P PEN BLU,34,nos,5.3,9608,0.18
INV-6087,HK CONSUMABLES KIT,145,nos,1990.23,3402,0.18
INV-6094,HELMET SAFETY ISI,67,nos,313.73,6506,0.18
INV-6101,CU-CBL-4SQMM,87,m,74.04,8544,0.18
INV-6108,Screen 24in IPS FHD,19,nos,8962.53,8528,0.18
INV-6115,Facility upkeep monthly,173,month,85842.13,9985,0.18
INV-6122,B/P PEN BLU,194,nos,5.43,9608,0.18
INV-6129,Copper wire 4 sq.mm FRLS,48,m,74.03,8544,0.18
INV-6136,24 port gigabit switch,149,nos,27199.61,8517,0.18
INV-6143,SWITCH 24P GIG MANAGED,137,nos,28185.06,8517,0.18
INV-6150,24 port gigabit switch,168,nos,28110.17,8517,0.18
INV-6157,Housekeeping services plant,79,month,81500.47,9985,0.18
INV-6164,BOX 5-PLY LARGE,50,nos,39.97,4819,0.18
INV-6171,5 ply carton box,45,nos,40.38,4819,0.18
INV-6178,PPE-HELMET,181,nos,316.72,6506,0.18
INV-6185,Housekeeping consumable set,161,nos,1969.16,3402,0.18
INV-6192,Professional retainer compliance,82,month,147496.07,9982,0.18
INV-6199,Copper wire 4 sq.mm FRLS,180,m,73.38,8544,0.18
INV-6206,PPE-HELMET,102,nos,303.39,6506,0.18
INV-6213,MS ANGLE 50X50X6,62,kg,58.27,7216,0.18
INV-6220,HRC-2.5,175,kg,53.38,7208,0.18
INV-6227,Laptop corporate i5/16/512,65,nos,64060.56,8471,0.18
INV-6234,Industrial safety helmet,190,nos,311.06,6506,0.18
INV-6241,TRANSPORT MDU>CHN,164,trip,22009.14,9965,0.18
INV-6248,LED PANEL 36W 2X2,97,nos,1083.88,9405,0.18
INV-6255,CABLE CU 4SQMM FRLS,22,m,75.03,8544,0.18
INV-6262,HK CONSUMABLES KIT,70,nos,1981.15,3402,0.18
INV-6269,MS ANGLE 50X50X6,21,kg,56.92,7216,0.18
INV-6276,MS ANGLE 50X50X6,60,kg,57.21,7216,0.18
INV-6283,PNT-ENML-20,99,nos,4582.93,3208,0.18
INV-6290,AC PM VISIT,104,visit,14785.14,9987,0.18
INV-6297,UPS-1K-LI,119,nos,6901.66,8504,0.18
INV-6304,24 inch LED display 1080p IPS,113,nos,8962.27,8528,0.18
INV-6311,Hot rolled coil 2.5,147,kg,54.55,7208,0.18
INV-6318,Hot rolled coil 2.5,99,kg,54.18,7208,0.18
INV-6325,CORRUGATED BOX 5PLY,45,nos,40.11,4819,0.18
INV-6332,BOX 5-PLY LARGE,129,nos,38.89,4819,0.18
INV-6339,HRC-2.5,87,kg,54.34,7208,0.18
INV-6346,A4 PAPER 75GSM RM,32,ream,188.44,4802,0.18
INV-6353,CU-CBL-4SQMM,129,m,71.96,8544,0.18
INV-6360,CORRUGATED BOX 5PLY,15,nos,38.33,4819,0.18
INV-6367,Mild steel angle 50mm,84,kg,56.81,7216,0.18
INV-6374,LLDPE wrap film,109,roll,1272.22,3920,0.18
INV-6381,PAINT ENAMEL 20L,196,nos,4529.78,3208,0.18
INV-6388,LED PANEL 36W 2X2,120,nos,1113.43,9405,0.18
INV-6395,LIGHT-LED-36W,196,nos,1082.62,9405,0.18
INV-6402,STRETCH FILM 23MIC,15,roll,1271.71,3920,0.18
INV-6409,PAINT ENAMEL 20L,78,nos,4349.99,3208,0.18
INV-6416,Professional retainer compliance,115,month,141821.49,9982,0.18
INV-6423,HELMET SAFETY ISI,149,nos,303.34,6506,0.18
INV-6430,Cartridge toner 12A compatible,17,nos,4174.22,8443,0.18
INV-6437,AC PM VISIT,188,visit,14273.14,9987,0.18
INV-6444,GLOVES COTTON,78,pair,40.9,6116,0.18
INV-6451,Copier paper A-4 (75 gsm) 500sh,194,ream,191.97,4802,0.18
INV-6458,Pallet wrap 23 micron,5,roll,1214.66,3920,0.18
INV-6465,Copier paper A-4 (75 gsm) 500sh,114,ream,193.37,4802,0.18
INV-6472,24 inch LED display 1080p IPS,116,nos,9395.87,8528,0.18
INV-6479,24 port gigabit switch,167,nos,27411.2,8517,0.18
INV-6486,GLOVES COTTON,136,pair,42.15,6116,0.18
INV-6493,24 port gigabit switch,197,nos,27575.55,8517,0.18
INV-6500,5 ply carton box,18,nos,38.86,4819,0.18
INV-6507,HR COIL 2.5MM,27,kg,54.02,7208,0.18
INV-6514,CORRUGATED BOX 5PLY,85,nos,39.25,4819,0.18
INV-6521,CORRUGATED BOX 5PLY,148,nos,39.1,4819,0.18
INV-6528,PEN BALL BLUE 0.7,12,nos,5.39,9608,0.18
INV-6535,TNR-12A,35,nos,4237.92,8443,0.18
INV-6542,CRR-5KG,178,nos,183.86,9968,0.18
INV-6549,ADVISORY RETAINER,195,month,148284.98,9982,0.18
INV-6556,Copier paper A-4 (75 gsm) 500sh,53,ream,197.27,4802,0.18
INV-6563,"Paper, A4, white, 75gsm",143,ream,189.42,4802,0.18
INV-6570,LIGHT-LED-36W,25,nos,1110.6,9405,0.18
INV-6577,UPS 1KVA,39,nos,6719.51,8504,0.18
INV-6584,PPE-GLV-CTN,180,pair,42.96,6116,0.18
INV-6591,Hot rolled coil 2.5,72,kg,56.36,7208,0.18
INV-6598,CABLE CU 4SQMM FRLS,25,m,74.8,8544,0.18
INV-6605,DG-PM-VISIT,141,visit,8497.0,9987,0.18
INV-6612,TRANSPORT MDU>CHN,170,trip,20869.35,9965,0.18
INV-6619,Hot rolled coil 2.5,200,kg,54.22,7208,0.18
INV-6626,UPS-1K-LI,67,nos,6988.5,8504,0.18
INV-6633,Industrial safety helmet,71,nos,310.01,6506,0.18
INV-6640,Uninterruptible power supply 1kva,73,nos,6894.58,8504,0.18
INV-6647,PAINT ENAMEL 20L,67,nos,4477.72,3208,0.18
INV-6654,Housekeeping consumable set,154,nos,1905.61,3402,0.18
INV-6661,LLDPE wrap film,130,roll,1256.99,3920,0.18
INV-6668,"Paper, A4, white, 75gsm",183,ream,191.17,4802,0.18
INV-6675,Industrial safety helmet,137,nos,300.93,6506,0.18
INV-6682,CRR-5KG,157,nos,182.8,9968,0.18
INV-6689,Pallet wrap 23 micron,125,roll,1208.41,3920,0.18
INV-6696,Industrial safety helmet,183,nos,314.79,6506,0.18
INV-6703,HRC-2.5,180,kg,53.49,7208,0.18
INV-6710,Housekeeping services plant,139,month,82955.47,9985,0.18
INV-6717,Hand gloves cotton pair,125,pair,43.07,6116,0.18
INV-6724,Uninterruptible power supply 1kva,99,nos,6727.63,8504,0.18
INV-6731,Laptop corporate i5/16/512,123,nos,62099.38,8471,0.18
INV-6738,Screen 24in IPS FHD,155,nos,9041.32,8528,0.18
INV-6745,HK CONSUMABLES KIT,36,nos,1994.28,3402,0.18
INV-6752,"Paper, A4, white, 75gsm",105,ream,192.02,4802,0.18
INV-6759,Cartridge toner 12A compatible,112,nos,4217.68,8443,0.18
INV-6766,Hot rolled coil 2.5,189,kg,54.11,7208,0.18
INV-6773,UPS-1K-LI,200,nos,6918.28,8504,0.18
INV-6780,LAPTOP i5 16GB 512 SSD,115,nos,62759.12,8471,0.18
INV-6787,24-PORT L2 SWITCH,171,nos,27333.79,8517,0.18
INV-6794,Housekeeping services plant,133,month,84237.78,9985,0.18
INV-6801,PPE-GLV-CTN,32,pair,40.93,6116,0.18
INV-6808,HRC-2.5,169,kg,55.24,7208,0.18
INV-6815,FTL MDU-MAA,26,trip,21471.78,9965,0.18
INV-6822,CU-CBL-4SQMM,129,m,71.24,8544,0.18
INV-6829,TNR-12A,106,nos,4152.6,8443,0.18
INV-6836,A4 PAPER 75GSM RM,45,ream,191.98,4802,0.18
INV-6843,Housekeeping consumable set,14,nos,1902.21,3402,0.18
INV-6850,COURIER <5KG,71,nos,182.75,9968,0.18
INV-6857,PEN BALL BLUE 0.7,20,nos,5.38,9608,0.18
INV-6864,SITE MAINTENANCE MONTHLY,168,month,82274.68,9985,0.18
INV-6871,Aircon servicing,157,visit,14811.21,9987,0.18
INV-6878,5 ply carton box,130,nos,38.69,4819,0.18
INV-6885,TRANSPORT MDU>CHN,109,trip,21548.06,9965,0.18
INV-6892,MS ANGLE 50X50X6,108,kg,58.01,7216,0.18
INV-6899,HVAC preventive maint,12,visit,14583.04,9987,0.18
INV-6906,Blue ball pen,174,nos,5.53,9608,0.18
INV-6913,CORRUGATED BOX 5PLY,133,nos,39.96,4819,0.18
INV-6920,CABLE CU 4SQMM FRLS,72,m,72.79,8544,0.18
INV-6927,CU-CBL-4SQMM,120,m,72.72,8544,0.18
INV-6934,HRC-2.5,142,kg,56.16,7208,0.18
INV-6941,PPE-HELMET,187,nos,313.87,6506,0.18
INV-6948,24 inch LED display 1080p IPS,20,nos,9269.57,8528,0.18
INV-6955,"Paper, A4, white, 75gsm",109,ream,197.5,4802,0.18
INV-6962,CRR-5KG,14,nos,188.72,9968,0.18
INV-6969,Notebook computer intel i5,43,nos,63991.01,8471,0.18
INV-6976,24 port gigabit switch,63,nos,27200.98,8517,0.18
INV-6983,TONER 12A,43,nos,4295.69,8443,0.18
INV-6990,MONITOR 24 FHD IPS,168,nos,9051.24,8528,0.18
INV-6997,Screen 24in IPS FHD,45,nos,9237.63,8528,0.18
INV-7004,ANGLE-MS-50,43,kg,59.89,7216,0.18
INV-7011,MONITOR 24 FHD IPS,15,nos,9194.87,8528,0.18
INV-7018,Courier docket upto 5 kg,12,nos,189.29,9968,0.18
INV-7025,PPE-GLV-CTN,108,pair,42.99,6116,0.18
INV-7032,Aircon servicing,165,visit,14555.22,9987,0.18
INV-7039,UPS 1KVA,130,nos,7097.36,8504,0.18
INV-7046,Panel light LED 36 watt,189,nos,1092.7,9405,0.18
INV-7053,PAINT ENAMEL 20L,198,nos,4471.64,3208,0.18
INV-7060,COURIER <5KG,197,nos,185.62,9968,0.18
INV-7067,"Paper, A4, white, 75gsm",180,ream,193.48,4802,0.18
INV-7074,5 ply carton box,171,nos,38.66,4819,0.18
INV-7081,Industrial safety helmet,136,nos,310.71,6506,0.18
INV-7088,A4 PAPER 75GSM RM,112,ream,189.03,4802,0.18
INV-7095,ANGLE-MS-50,43,kg,57.16,7216,0.18
INV-7102,STRETCH FILM 23MIC,195,roll,1229.52,3920,0.18
INV-7109,FTL MDU-MAA,134,trip,21786.91,9965,0.18
INV-7116,STRETCH FILM 23MIC,96,roll,1232.64,3920,0.18
INV-7123,CABLE CU 4SQMM FRLS,59,m,71.49,8544,0.18
INV-7130,TNR-12A,5,nos,4232.4,8443,0.18
INV-7137,B/P PEN BLU,141,nos,5.56,9608,0.18
INV-7144,MONITOR 24 FHD IPS,50,nos,9043.53,8528,0.18
INV-7151,CU-CBL-4SQMM,14,m,71.24,8544,0.18
INV-7158,Laptop corporate i5/16/512,81,nos,62221.04,8471,0.18
INV-7165,TRANSPORT MDU>CHN,55,trip,21361.71,9965,0.18
INV-7172,CORRUGATED BOX 5PLY,68,nos,40.54,4819,0.18
INV-7179,Courier docket upto 5 kg,119,nos,183.69,9968,0.18
INV-7186,HVAC preventive maint,184,visit,14767.69,9987,0.18
INV-7193,ADVISORY RETAINER,29,month,147502.15,9982,0.18
INV-7200,LLDPE wrap film,143,roll,1224.31,3920,0.18
INV-7207,Hand gloves cotton pair,12,pair,42.1,6116,0.18
INV-7214,SITE MAINTENANCE MONTHLY,123,month,81599.03,9985,0.18
INV-7221,HR COIL 2.5MM,54,kg,53.73,7208,0.18
INV-7228,Copper wire 4 sq.mm FRLS,129,m,72.23,8544,0.18
INV-7235,CORRUGATED BOX 5PLY,120,nos,40.51,4819,0.18
INV-7242,Pallet wrap 23 micron,54,roll,1225.63,3920,0.18
INV-7249,Notebook computer intel i5,88,nos,61206.79,8471,0.18
INV-7256,COMPLIANCE RETAINER MONTHLY,15,month,141680.61,9982,0.18
INV-7263,Cartridge toner 12A compatible,49,nos,4117.55,8443,0.18
INV-7270,Hot rolled coil 2.5,126,kg,55.93,7208,0.18
INV-7277,Mild steel angle 50mm,200,kg,57.14,7216,0.18
INV-7284,PPE-GLV-CTN,83,pair,42.46,6116,0.18
INV-7291,Laptop corporate i5/16/512,184,nos,62893.29,8471,0.18
INV-7298,CABLE CU 4SQMM FRLS,116,m,74.42,8544,0.18
INV-7305,Generator servicing call,192,visit,8350.31,9987,0.18
INV-7312,Housekeeping consumable set,126,nos,1951.41,3402,0.18
INV-7319,Copier paper A-4 (75 gsm) 500sh,158,ream,190.82,4802,0.18
INV-7326,LLDPE wrap film,66,roll,1274.86,3920,0.18
INV-7333,HELMET SAFETY ISI,153,nos,305.99,6506,0.18
INV-7340,PPE-GLV-CTN,78,pair,42.26,6116,0.18
INV-7347,TONER 12A,37,nos,4149.03,8443,0.18
INV-7354,PPE-HELMET,83,nos,301.09,6506,0.18
INV-7361,LLDPE wrap film,26,roll,1224.99,3920,0.18
INV-7368,COMPLIANCE RETAINER MONTHLY,96,month,148127.66,9982,0.18
INV-7375,CRR-5KG,35,nos,190.35,9968,0.18
INV-7382,LAPTOP i5 16GB 512 SSD,181,nos,61475.25,8471,0.18
INV-7389,UPS 1KVA,168,nos,6798.19,8504,0.18
INV-7396,Blue ball pen,144,nos,5.55,9608,0.18
INV-7403,STRETCH FILM 23MIC,27,roll,1215.9,3920,0.18
INV-7410,HK CONSUMABLES KIT,12,nos,1895.27,3402,0.18
INV-7417,PAINT ENAMEL 20L,108,nos,4352.65,3208,0.18
INV-7424,Pallet wrap 23 micron,127,roll,1275.56,3920,0.18
INV-7431,Hand gloves cotton pair,114,pair,42.35,6116,0.18
INV-7438,Industrial safety helmet,35,nos,310.82,6506,0.18
INV-7445,CU-CBL-4SQMM,60,m,72.27,8544,0.18
INV-7452,PPE-GLV-CTN,109,pair,42.95,6116,0.18
INV-7459,Copper wire 4 sq.mm FRLS,91,m,73.67,8544,0.18
INV-7466,Generator servicing call,79,visit,8387.17,9987,0.18
INV-7473,HELMET SAFETY ISI,161,nos,317.95,6506,0.18
INV-7480,24-PORT L2 SWITCH,142,nos,28369.51,8517,0.18
INV-7487,STRETCH FILM 23MIC,103,roll,1268.95,3920,0.18
INV-7494,Blue ball pen,95,nos,5.5,9608,0.18
INV-7501,DG-PM-VISIT,68,visit,8451.6,9987,0.18
INV-7508,CABLE CU 4SQMM FRLS,33,m,74.55,8544,0.18
INV-7515,Copier paper A-4 (75 gsm) 500sh,33,ream,192.99,4802,0.18
INV-7522,Pallet wrap 23 micron,181,roll,1224.1,3920,0.18
INV-7529,HELMET SAFETY ISI,101,nos,315.74,6506,0.18
INV-7536,Facility upkeep monthly,9,month,82645.37,9985,0.18
INV-7543,24-PORT L2 SWITCH,163,nos,27443.85,8517,0.18
INV-7550,MONITOR 24 FHD IPS,111,nos,9237.87,8528,0.18
INV-7557,24 inch LED display 1080p IPS,127,nos,8990.57,8528,0.18
INV-7564,HR COIL 2.5MM,136,kg,54.39,7208,0.18
INV-7571,Laptop corporate i5/16/512,91,nos,61827.23,8471,0.18
INV-7578,Copper wire 4 sq.mm FRLS,45,m,73.37,8544,0.18
INV-7585,HELMET SAFETY ISI,170,nos,314.0,6506,0.18
INV-7592,SITE MAINTENANCE MONTHLY,165,month,82325.06,9985,0.18
INV-7599,PAINT ENAMEL 20L,118,nos,4400.34,3208,0.18
INV-7606,HVAC preventive maint,14,visit,14403.74,9987,0.18
INV-7613,GLOVES COTTON,78,pair,41.12,6116,0.18
INV-7620,TONER 12A,112,nos,4166.01,8443,0.18
INV-7627,Copper wire 4 sq.mm FRLS,47,m,75.01,8544,0.18
INV-7634,24-PORT L2 SWITCH,131,nos,26944.57,8517,0.18
INV-7641,BOX 5-PLY LARGE,62,nos,39.7,4819,0.18
INV-7648,SWITCH 24P GIG MANAGED,96,nos,26973.25,8517,0.18
INV-7655,HK-KIT,103,nos,1966.36,3402,0.18
INV-7662,"Paper, A4, white, 75gsm",60,ream,188.05,4802,0.18
INV-7669,CORRUGATED BOX 5PLY,168,nos,40.57,4819,0.18
INV-7676,Pallet wrap 23 micron,87,roll,1254.64,3920,0.18
INV-7683,LAPTOP i5 16GB 512 SSD,10,nos,62601.21,8471,0.18
INV-7690,CORRUGATED BOX 5PLY,176,nos,38.47,4819,0.18
INV-7697,Laptop corporate i5/16/512,130,nos,62127.42,8471,0.18
INV-7704,LLDPE wrap film,8,roll,1211.75,3920,0.18
INV-7711,Screen 24in IPS FHD,142,nos,9063.1,8528,0.18
INV-7718,AC PM VISIT,168,visit,14593.24,9987,0.18
INV-7725,PEN BALL BLUE 0.7,174,nos,5.36,9608,0.18
INV-7732,Hot rolled coil 2.5,70,kg,53.49,7208,0.18
INV-7739,HRC-2.5,179,kg,55.23,7208,0.18
INV-7746,5 ply carton box,62,nos,39.62,4819,0.18
INV-7753,Copier paper A-4 (75 gsm) 500sh,200,ream,189.43,4802,0.18
INV-7760,Courier docket upto 5 kg,149,nos,187.85,9968,0.18
INV-7767,B/P PEN BLU,18,nos,5.35,9608,0.18
INV-7774,24 inch LED display 1080p IPS,91,nos,9182.36,8528,0.18
INV-7781,PNT-ENML-20,120,nos,4426.7,3208,0.18
INV-7788,Copier paper A-4 (75 gsm) 500sh,199,ream,188.33,4802,0.18
INV-7795,HRC-2.5,195,kg,55.54,7208,0.18
INV-7802,TRANSPORT MDU>CHN,135,trip,21741.44,9965,0.18
INV-7809,CRR-5KG,65,nos,183.37,9968,0.18
INV-7816,UPS-1K-LI,46,nos,6837.99,8504,0.18
INV-7823,CU-CBL-4SQMM,90,m,71.41,8544,0.18
INV-7830,HRC-2.5,7,kg,54.74,7208,0.18
INV-7837,ANGLE-MS-50,132,kg,58.17,7216,0.18
INV-7844,TNR-12A,85,nos,4115.76,8443,0.18
INV-7851,CU-CBL-4SQMM,132,m,72.25,8544,0.18
INV-7858,TNR-12A,151,nos,4136.87,8443,0.18
INV-7865,Hand gloves cotton pair,175,pair,42.72,6116,0.18
INV-7872,DG SET SERVICE VISIT,197,visit,8471.38,9987,0.18
INV-7879,HR COIL 2.5MM,132,kg,55.22,7208,0.18
INV-7886,LLDPE wrap film,143,roll,1270.39,3920,0.18
INV-7893,CU-CBL-4SQMM,180,m,74.06,8544,0.18
INV-7900,24 inch LED display 1080p IPS,143,nos,9101.16,8528,0.18
INV-7907,DG SET SERVICE VISIT,30,visit,8693.03,9987,0.18
INV-7914,Professional retainer compliance,187,month,144556.43,9982,0.18
INV-7921,PPE-GLV-CTN,169,pair,43.14,6116,0.18
INV-7928,Generator servicing call,99,visit,8624.91,9987,0.18
INV-7935,COMPLIANCE RETAINER MONTHLY,99,month,145490.64,9982,0.18
INV-7942,Uninterruptible power supply 1kva,185,nos,6908.14,8504,0.18
INV-7949,PEN BALL BLUE 0.7,113,nos,5.27,9608,0.18
INV-7956,Truck full load Madurai Chennai,79,trip,21969.53,9965,0.18
INV-7963,HR COIL 2.5MM,186,kg,56.15,7208,0.18
INV-7970,24 inch LED display 1080p IPS,51,nos,9373.06,8528,0.18
INV-7977,B/P PEN BLU,57,nos,5.28,9608,0.18
INV-7984,Housekeeping consumable set,196,nos,1997.88,3402,0.18
INV-7991,LLDPE wrap film,36,roll,1225.59,3920,0.18
INV-7998,Laptop corporate i5/16/512,86,nos,63941.95,8471,0.18
INV-8005,TNR-12A,136,nos,4166.88,8443,0.18
INV-8012,PAINT ENAMEL 20L,59,nos,4518.73,3208,0.18
INV-8019,Hand gloves cotton pair,12,pair,40.86,6116,0.18
INV-8026,24 port gigabit switch,102,nos,27161.44,8517,0.18
INV-8033,Pallet wrap 23 micron,141,roll,1227.49,3920,0.18
INV-8040,PPE-GLV-CTN,48,pair,40.79,6116,0.18
INV-8047,ADVISORY RETAINER,189,month,148417.72,9982,0.18
INV-8054,CABLE CU 4SQMM FRLS,119,m,74.76,8544,0.18
INV-8061,LIGHT-LED-36W,197,nos,1120.34,9405,0.18
INV-8068,LIGHT-LED-36W,63,nos,1072.48,9405,0.18
INV-8075,SITE MAINTENANCE MONTHLY,15,month,85231.61,9985,0.18
INV-8082,ANGLE-MS-50,87,kg,58.31,7216,0.18
INV-8089,HVAC preventive maint,18,visit,14227.55,9987,0.18
INV-8096,B/P PEN BLU,118,nos,5.31,9608,0.18
INV-8103,LIGHT-LED-36W,118,nos,1114.99,9405,0.18
INV-8110,ANGLE-MS-50,166,kg,58.34,7216,0.18
INV-8117,TONER 12A,58,nos,4171.95,8443,0.18
INV-8124,HK-KIT,136,nos,1933.29,3402,0.18
INV-8131,DG-PM-VISIT,167,visit,8833.0,9987,0.18
INV-8138,DG SET SERVICE VISIT,25,visit,8380.6,9987,0.18
INV-8145,FTL MDU-MAA,129,trip,20984.1,9965,0.18
INV-8152,CABLE CU 4SQMM FRLS,50,m,73.02,8544,0.18
INV-8159,Hot rolled coil 2.5,29,kg,55.74,7208,0.18
INV-8166,Courier docket upto 5 kg,80,nos,183.77,9968,0.18
INV-8173,LAPTOP i5 16GB 512 SSD,102,nos,62811.63,8471,0.18
INV-8180,LAPTOP i5 16GB 512 SSD,63,nos,64113.12,8471,0.18
INV-8187,Facility upkeep monthly,163,month,81708.92,9985,0.18
INV-8194,Courier docket upto 5 kg,65,nos,184.27,9968,0.18
INV-8201,HK-KIT,82,nos,1924.62,3402,0.18
INV-8208,GLOVES COTTON,77,pair,41.04,6116,0.18
INV-8215,Uninterruptible power supply 1kva,181,nos,6882.71,8504,0.18
INV-8222,HR COIL 2.5MM,187,kg,56.4,7208,0.18
INV-8229,Uninterruptible power supply 1kva,9,nos,6855.68,8504,0.18
INV-8236,PAINT ENAMEL 20L,50,nos,4394.52,3208,0.18
INV-8243,LIGHT-LED-36W,68,nos,1071.84,9405,0.18
INV-8250,AC PM VISIT,109,visit,14933.67,9987,0.18
INV-8257,PPE-GLV-CTN,120,pair,43.12,6116,0.18
INV-8264,A4 PAPER 75GSM RM,128,ream,192.92,4802,0.18
INV-8271,TONER 12A,199,nos,4133.73,8443,0.18
INV-8278,Hand gloves cotton pair,84,pair,41.79,6116,0.18
INV-8285,"Paper, A4, white, 75gsm",180,ream,197.01,4802,0.18
INV-8292,ADVISORY RETAINER,33,month,146121.41,9982,0.18
INV-8299,HR COIL 2.5MM,31,kg,54.86,7208,0.18
INV-8306,Housekeeping consumable set,122,nos,1924.79,3402,0.18
INV-8313,A4 PAPER 75GSM RM,155,ream,187.61,4802,0.18
INV-8320,DG-PM-VISIT,81,visit,8488.94,9987,0.18
INV-8327,TNR-12A,26,nos,4291.97,8443,0.18
INV-8334,TNR-12A,38,nos,4269.5,8443,0.18
INV-8341,24 inch LED display 1080p IPS,165,nos,8937.97,8528,0.18
INV-8348,LAPTOP i5 16GB 512 SSD,120,nos,62415.53,8471,0.18
INV-8355,Copier paper A-4 (75 gsm) 500sh,45,ream,194.4,4802,0.18
INV-8362,ANGLE-MS-50,50,kg,59.74,7216,0.18
INV-8369,Courier docket upto 5 kg,141,nos,190.4,9968,0.18
INV-8376,Cartridge toner 12A compatible,37,nos,4081.14,8443,0.18
INV-8383,SWITCH 24P GIG MANAGED,128,nos,28097.29,8517,0.18
INV-8390,Aircon servicing,143,visit,14147.31,9987,0.18
INV-8397,Copper wire 4 sq.mm FRLS,179,m,71.99,8544,0.18
INV-8404,PPE-GLV-CTN,76,pair,40.99,6116,0.18
INV-8411,Hot rolled coil 2.5,28,kg,55.47,7208,0.18
INV-8418,Blue ball pen,45,nos,5.53,9608,0.18
INV-8425,COURIER <5KG,10,nos,179.82,9968,0.18
INV-8432,Housekeeping consumable set,117,nos,1939.5,3402,0.18
INV-8439,PEN BALL BLUE 0.7,87,nos,5.32,9608,0.18
INV-8446,Generator servicing call,170,visit,8486.27,9987,0.18
INV-8453,Cartridge toner 12A compatible,130,nos,4135.73,8443,0.18
INV-8460,Truck full load Madurai Chennai,117,trip,21853.5,9965,0.18
INV-8467,PAINT ENAMEL 20L,167,nos,4472.28,3208,0.18
INV-8474,Mild steel angle 50mm,156,kg,57.87,7216,0.18
INV-8481,B/P PEN BLU,13,nos,5.29,9608,0.18
INV-8488,Copper wire 4 sq.mm FRLS,190,m,72.96,8544,0.18
INV-8495,PNT-ENML-20,138,nos,4453.83,3208,0.18
INV-8502,DG-PM-VISIT,118,visit,8808.66,9987,0.18
INV-8509,CABLE CU 4SQMM FRLS,60,m,74.87,8544,0.18
INV-8516,SITE MAINTENANCE MONTHLY,118,month,85072.3,9985,0.18
INV-8523,CABLE CU 4SQMM FRLS,160,m,71.69,8544,0.18
INV-8530,UPS 1KVA,157,nos,6879.67,8504,0.18
INV-8537,Mild steel angle 50mm,197,kg,56.75,7216,0.18
INV-8544,HK-KIT,10,nos,2008.01,3402,0.18
INV-8551,Industrial safety helmet,59,nos,305.01,6506,0.18
INV-8558,BOX 5-PLY LARGE,73,nos,39.96,4819,0.18
INV-8565,LAPTOP i5 16GB 512 SSD,33,nos,63265.41,8471,0.18
INV-8572,HVAC preventive maint,166,visit,14709.49,9987,0.18
INV-8579,B/P PEN BLU,179,nos,5.44,9608,0.18
INV-8586,HVAC preventive maint,104,visit,14735.08,9987,0.18
INV-8593,PEN BALL BLUE 0.7,28,nos,5.26,9608,0.18
INV-8600,Housekeeping consumable set,156,nos,1901.02,3402,0.18
INV-8607,24 port gigabit switch,9,nos,27268.19,8517,0.18
INV-8614,GLOVES COTTON,47,pair,41.8,6116,0.18
INV-8621,ANGLE-MS-50,58,kg,56.49,7216,0.18
INV-8628,Facility upkeep monthly,24,month,86050.89,9985,0.18
INV-8635,CABLE CU 4SQMM FRLS,150,m,74.62,8544,0.18
INV-8642,24 inch LED display 1080p IPS,189,nos,9448.38,8528,0.18
INV-8649,PPE-GLV-CTN,114,pair,42.35,6116,0.18
INV-8656,PPE-HELMET,80,nos,311.02,6506,0.18
INV-8663,UPS-1K-LI,136,nos,6975.84,8504,0.18
INV-8670,Generator servicing call,23,visit,8362.6,9987,0.18
INV-8677,Enamel paint 20 litre,159,nos,4332.56,3208,0.18
INV-8684,Truck full load Madurai Chennai,81,trip,21902.82,9965,0.18
INV-8691,24 inch LED display 1080p IPS,142,nos,9313.97,8528,0.18
INV-8698,DG SET SERVICE VISIT,78,visit,8529.91,9987,0.18
INV-8705,CABLE CU 4SQMM FRLS,167,m,73.08,8544,0.18
INV-8712,CABLE CU 4SQMM FRLS,138,m,75.24,8544,0.18
INV-8719,TRANSPORT MDU>CHN,16,trip,21355.13,9965,0.18
INV-8726,ADVISORY RETAINER,72,month,141478.63,9982,0.18
INV-8733,PPE-HELMET,39,nos,303.32,6506,0.18
INV-8740,Industrial safety helmet,86,nos,311.97,6506,0.18
INV-8747,STRETCH FILM 23MIC,116,roll,1215.44,3920,0.18
INV-8754,Uninterruptible power supply 1kva,151,nos,7104.23,8504,0.18
INV-8761,PPE-GLV-CTN,177,pair,42.69,6116,0.18
INV-8768,Housekeeping consumable set,35,nos,1926.77,3402,0.18
INV-8775,"Paper, A4, white, 75gsm",96,ream,189.23,4802,0.18
INV-8782,Generator servicing call,82,visit,8852.91,9987,0.18
INV-8789,Panel light LED 36 watt,111,nos,1117.41,9405,0.18
INV-8796,LIGHT-LED-36W,63,nos,1074.39,9405,0.18
INV-8803,LAPTOP i5 16GB 512 SSD,146,nos,62162.28,8471,0.18
INV-8810,CU-CBL-4SQMM,10,m,71.4,8544,0.18
INV-8817,Uninterruptible power supply 1kva,53,nos,6704.51,8504,0.18
INV-8824,Panel light LED 36 watt,139,nos,1121.34,9405,0.18
INV-8831,24-PORT L2 SWITCH,85,nos,28156.88,8517,0.18
INV-8838,ADVISORY RETAINER,125,month,144356.89,9982,0.18
INV-8845,Industrial safety helmet,19,nos,305.1,6506,0.18
INV-8852,24-PORT L2 SWITCH,134,nos,27220.91,8517,0.18
INV-8859,Housekeeping services plant,80,month,81975.11,9985,0.18
INV-8866,CU-CBL-4SQMM,129,m,73.6,8544,0.18
INV-8873,PEN BALL BLUE 0.7,114,nos,5.49,9608,0.18
INV-8880,Blue ball pen,160,nos,5.37,9608,0.18
INV-8887,COURIER <5KG,74,nos,185.75,9968,0.18
INV-8894,CABLE CU 4SQMM FRLS,198,m,71.85,8544,0.18
INV-8901,HELMET SAFETY ISI,95,nos,318.08,6506,0.18
INV-8908,5 ply carton box,44,nos,40.55,4819,0.18
INV-8915,PPE-HELMET,126,nos,311.12,6506,0.18
INV-8922,HELMET SAFETY ISI,36,nos,317.71,6506,0.18
INV-8929,A4 PAPER 75GSM RM,15,ream,194.89,4802,0.18
INV-8936,CABLE CU 4SQMM FRLS,10,m,73.52,8544,0.18
INV-8943,CU-CBL-4SQMM,123,m,72.77,8544,0.18
INV-8950,Copper wire 4 sq.mm FRLS,133,m,73.0,8544,0.18
INV-8957,Uninterruptible power supply 1kva,160,nos,6861.3,8504,0.18
INV-8964,FTL MDU-MAA,193,trip,21639.08,9965,0.18
INV-8971,24-PORT L2 SWITCH,92,nos,27638.72,8517,0.18
INV-8978,Cartridge toner 12A compatible,67,nos,4296.67,8443,0.18
INV-8985,HK-KIT,54,nos,1964.47,3402,0.18
INV-8992,CORRUGATED BOX 5PLY,36,nos,40.1,4819,0.18
INV-8999,CORRUGATED BOX 5PLY,144,nos,39.47,4819,0.18
INV-9006,Copier paper A-4 (75 gsm) 500sh,36,ream,197.04,4802,0.18
INV-9013,24 inch LED display 1080p IPS,114,nos,9377.5,8528,0.18
INV-9020,Hand gloves cotton pair,86,pair,42.15,6116,0.18
INV-9027,Enamel paint 20 litre,32,nos,4350.76,3208,0.18
INV-9034,SITE MAINTENANCE MONTHLY,103,month,82436.35,9985,0.18
INV-9041,Copier paper A-4 (75 gsm) 500sh,159,ream,187.02,4802,0.18
INV-9048,Notebook computer intel i5,125,nos,62453.17,8471,0.18
INV-9055,Panel light LED 36 watt,142,nos,1099.69,9405,0.18
INV-9062,Housekeeping services plant,48,month,84553.04,9985,0.18
INV-9069,Uninterruptible power supply 1kva,84,nos,6958.38,8504,0.18
INV-9076,Pallet wrap 23 micron,162,roll,1232.13,3920,0.18
INV-9083,Truck full load Madurai Chennai,113,trip,22023.18,9965,0.18
INV-9090,Hot rolled coil 2.5,80,kg,56.18,7208,0.18
INV-9097,Hand gloves cotton pair,172,pair,41.5,6116,0.18
INV-9104,Aircon servicing,37,visit,14613.23,9987,0.18
INV-9111,B/P PEN BLU,135,nos,5.43,9608,0.18
INV-9118,Uninterruptible power supply 1kva,99,nos,6903.93,8504,0.18
INV-9125,AC PM VISIT,51,visit,14627.26,9987,0.18
INV-9132,COURIER <5KG,58,nos,186.9,9968,0.18
INV-9139,COURIER <5KG,6,nos,190.52,9968,0.18
INV-9146,MS ANGLE 50X50X6,168,kg,58.42,7216,0.18
INV-9153,Blue ball pen,90,nos,5.28,9608,0.18
INV-9160,HELMET SAFETY ISI,123,nos,318.62,6506,0.18
INV-9167,Industrial safety helmet,28,nos,313.48,6506,0.18
INV-9174,24 port gigabit switch,163,nos,27351.56,8517,0.18
INV-9181,PPE-GLV-CTN,35,pair,41.74,6116,0.18
INV-9188,Housekeeping consumable set,97,nos,1898.05,3402,0.18
INV-9195,COURIER <5KG,134,nos,184.68,9968,0.18
INV-9202,UPS-1K-LI,8,nos,6891.48,8504,0.18
INV-9209,UPS-1K-LI,163,nos,6824.58,8504,0.18
INV-9216,TRANSPORT MDU>CHN,50,trip,20990.84,9965,0.18
INV-9223,Screen 24in IPS FHD,167,nos,9315.98,8528,0.18
INV-9230,Hand gloves cotton pair,152,pair,43.04,6116,0.18
INV-9237,Uninterruptible power supply 1kva,7,nos,7042.5,8504,0.18
INV-9244,Courier docket upto 5 kg,138,nos,185.13,9968,0.18
INV-9251,A4 PAPER 75GSM RM,112,ream,189.36,4802,0.18
INV-9258,Screen 24in IPS FHD,114,nos,9345.43,8528,0.18
INV-9265,CABLE CU 4SQMM FRLS,41,m,73.64,8544,0.18
INV-9272,CU-CBL-4SQMM,130,m,74.46,8544,0.18
INV-9279,HELMET SAFETY ISI,131,nos,313.26,6506,0.18
INV-9286,DG SET SERVICE VISIT,46,visit,8814.71,9987,0.18
INV-9293,Laptop corporate i5/16/512,10,nos,61270.42,8471,0.18
INV-9300,Facility upkeep monthly,169,month,81577.38,9985,0.18
INV-9307,Mild steel angle 50mm,198,kg,56.62,7216,0.18
INV-9314,CU-CBL-4SQMM,44,m,72.93,8544,0.18
INV-9321,Facility upkeep monthly,73,month,81674.83,9985,0.18
INV-9328,HK CONSUMABLES KIT,147,nos,1909.68,3402,0.18
INV-9335,FTL MDU-MAA,63,trip,21207.62,9965,0.18
INV-9342,Generator servicing call,29,visit,8376.65,9987,0.18
INV-9349,TNR-12A,170,nos,4156.63,8443,0.18
INV-9356,Copper wire 4 sq.mm FRLS,131,m,73.03,8544,0.18
INV-9363,GLOVES COTTON,67,pair,41.42,6116,0.18
INV-9370,LAPTOP i5 16GB 512 SSD,128,nos,62846.46,8471,0.18
INV-9377,COURIER <5KG,21,nos,183.25,9968,0.18
INV-9384,COURIER <5KG,188,nos,182.97,9968,0.18
INV-9391,Copper wire 4 sq.mm FRLS,108,m,74.61,8544,0.18
INV-9398,5 ply carton box,159,nos,38.99,4819,0.18
INV-9405,Housekeeping services plant,69,month,83104.64,9985,0.18
INV-9412,PPE-HELMET,83,nos,307.5,6506,0.18
INV-9419,Professional retainer compliance,60,month,201026.23,9982,0.18
INV-9426,PPE-HELMET,60,nos,512.97,6506,0.18
INV-9433,A4 PAPER 75GSM RM,40,ream,192.0,4802,0.18
INV-9440,A4 PAPER 75GSM RM,40,ream,203.52,4802,0.18
INV-9447,A4 PAPER 75GSM RM,40,ream,215.73,4802,0.18
INV-9454,A4 PAPER 75GSM RM,40,ream,228.68,4802,0.18
INV-9461,A4 PAPER 75GSM RM,40,ream,242.4,4802,0.18
INV-9468,A4 PAPER 75GSM RM,40,ream,256.94,4802,0.18
INV-9475,MONITOR 24 FHD IPS,40,nos,9180.0,8528,0.18
INV-9482,MONITOR 24 FHD IPS,40,nos,9730.8,8528,0.18
INV-9489,MONITOR 24 FHD IPS,40,nos,10314.65,8528,0.18
INV-9496,MONITOR 24 FHD IPS,40,nos,10933.53,8528,0.18
INV-9503,MONITOR 24 FHD IPS,40,nos,11589.54,8528,0.18
INV-9510,MONITOR 24 FHD IPS,40,nos,12284.91,8528,0.18
INV-9517,CRR-5KG,36,nos,183.93,9968,0.18
INV-9524,5 ply carton box,160,nos,39.29,4819,0.18
INV-9531,ANGLE-MS-50,105,kg,59.09,7216,0.18
INV-9538,HRC-2.5,69,kg,56.01,7208,0.18
INV-9545,Notebook computer intel i5,156,nos,63933.87,8471,0.18
INV-9552,Housekeeping services plant,58,month,84473.74,9985,0.18
INV-9559,ANGLE-MS-50,59,kg,57.91,7216,0.18
INV-9566,ADVISORY RETAINER,183,month,148294.19,9982,0.18
INV-9573,UPS 1KVA,25,nos,6905.15,8504,0.18
INV-9580,Facility upkeep monthly,70,month,84561.96,9985,0.18
INV-9587,Truck full load Madurai Chennai,177,trip,21348.56,9965,0.18
INV-9594,PEN BALL BLUE 0.7,171,nos,5.31,9608,0.18
INV-9601,Housekeeping consumable set,97,nos,2001.14,3402,0.18
INV-9608,Courier docket upto 5 kg,183,nos,180.61,9968,0.18
INV-9615,HRC-2.5,45,kg,53.74,7208,0.18
INV-9622,CABLE CU 4SQMM FRLS,152,m,74.75,8544,0.18
INV-9629,Uninterruptible power supply 1kva,12,nos,7021.65,8504,0.18
INV-9636,UPS 1KVA,40,nos,6816.64,8504,0.18
INV-9643,TNR-12A,145,nos,4288.64,8443,0.18
INV-9650,Courier docket upto 5 kg,21,nos,189.54,9968,0.18
INV-9657,Housekeeping consumable set,145,nos,1908.72,3402,0.18
INV-9664,TONER 12A,87,nos,4195.03,8443,0.18
INV-9671,Blue ball pen,61,nos,5.51,9608,0.18
INV-9678,MONITOR 24 FHD IPS,83,nos,9222.78,8528,0.18
INV-9685,HVAC preventive maint,166,visit,14904.53,9987,0.18
INV-9692,PPE-HELMET,13,nos,317.19,6506,0.18
INV-9699,CORRUGATED BOX 5PLY,153,nos,39.19,4819,0.18
INV-9706,MONITOR 24 FHD IPS,189,nos,9305.46,8528,0.18
INV-9713,Courier docket upto 5 kg,40,nos,186.28,9968,0.18
INV-9720,TONER 12A,177,nos,4188.57,8443,0.18
INV-9727,Screen 24in IPS FHD,85,nos,9288.29,8528,0.18
INV-9734,A4 PAPER 75GSM RM,191,ream,192.83,4802,0.18
INV-9741,DG-PM-VISIT,93,visit,8431.78,9987,0.18
INV-9748,Copper wire 4 sq.mm FRLS,65,m,72.9,8544,0.18
INV-9755,Housekeeping services plant,155,month,81569.17,9985,0.18
INV-9762,Cartridge toner 12A compatible,121,nos,4296.09,8443,0.18
INV-9769,CU-CBL-4SQMM,178,m,71.99,8544,0.18
INV-9776,SWITCH 24P GIG MANAGED,153,nos,27259.44,8517,0.18
INV-9783,LIGHT-LED-36W,54,nos,1069.66,9405,0.18
INV-9790,UPS-1K-LI,180,nos,6924.76,8504,0.18
INV-9797,Facility upkeep monthly,102,month,82099.22,9985,0.18
INV-9804,5 ply carton box,88,nos,39.39,4819,0.18
INV-9811,Pallet wrap 23 micron,93,roll,1273.83,3920,0.18
INV-9818,ANGLE-MS-50,94,kg,59.41,7216,0.18
INV-9825,DG-PM-VISIT,168,visit,8479.8,9987,0.18
INV-9832,Panel light LED 36 watt,126,nos,1080.67,9405,0.18
INV-9839,CRR-5KG,194,nos,181.8,9968,0.18
INV-9846,AC PM VISIT,53,visit,14161.47,9987,0.18
INV-9853,COMPLIANCE RETAINER MONTHLY,63,month,143006.63,9982,0.18
INV-9860,SITE MAINTENANCE MONTHLY,178,month,83644.02,9985,0.18
INV-9867,MS ANGLE 50X50X6,162,kg,58.6,7216,0.18
INV-9874,Professional retainer compliance,115,month,140794.89,9982,0.18
INV-9881,Hand gloves cotton pair,149,pair,41.05,6116,0.18
INV-9888,AC PM VISIT,71,visit,14834.81,9987,0.18
INV-9895,24 port gigabit switch,161,nos,26923.72,8517,0.18
INV-9902,TRANSPORT MDU>CHN,11,trip,21653.43,9965,0.18
INV-9909,24 port gigabit switch,125,nos,27690.73,8517,0.18
INV-9916,LED PANEL 36W 2X2,82,nos,1058.89,9405,0.18
INV-9923,ADVISORY RETAINER,24,month,148141.51,9982,0.18
INV-9930,HR COIL 2.5MM,137,kg,55.96,7208,0.18
INV-9937,CABLE CU 4SQMM FRLS,131,m,71.29,8544,0.18
INV-9944,SITE MAINTENANCE MONTHLY,148,month,84042.47,9985,0.18
INV-9951,HELMET SAFETY ISI,59,nos,310.3,6506,0.18
INV-9958,Laptop corporate i5/16/512,110,nos,62040.32,8471,0.18
INV-9965,24 inch LED display 1080p IPS,71,nos,9360.64,8528,0.18
INV-9972,Professional retainer compliance,110,month,142669.35,9982,0.18
INV-9979,Uninterruptible power supply 1kva,66,nos,6950.62,8504,0.18
INV-9986,MS ANGLE 50X50X6,47,kg,58.13,7216,0.18
INV-9993,Copper wire 4 sq.mm FRLS,191,m,74.64,8544,0.18
INV-10000,Housekeeping consumable set,109,nos,1962.52,3402,0.18
INV-10007,Copper wire 4 sq.mm FRLS,13,m,72.66,8544,0.18
INV-10014,LIGHT-LED-36W,58,nos,1121.68,9405,0.18
INV-10021,CRR-5KG,39,nos,185.19,9968,0.18
INV-10028,24 inch LED display 1080p IPS,71,nos,9406.91,8528,0.18
INV-10035,ADVISORY RETAINER,85,month,144657.8,9982,0.18
INV-10042,COMPLIANCE RETAINER MONTHLY,71,month,144302.45,9982,0.18
INV-10049,STRETCH FILM 23MIC,49,roll,1219.17,3920,0.18
INV-10056,CU-CBL-4SQMM,161,m,72.52,8544,0.18
