MRN No,Order Ref,Receipt Dt,Qty Received,Qty Ordered
GRN-5001,PO-2003,14/04/2025,100,100
GRN-5002,PO-2006,27/07/2025,100,100
GRN-5003,PO-2009,19/09/2025,100,100
GRN-5004,PO-2012,27/03/2026,100,100
GRN-5005,PO-2015,26/01/2026,100,100
GRN-5006,PO-2018,30/12/2025,100,100
GRN-5007,PO-2021,05/05/2026,100,100
GRN-5008,PO-2024,03/05/2025,100,100
GRN-5009,PO-2027,02/07/2025,100,100
GRN-5010,PO-2030,02/12/2025,100,100
GRN-5011,PO-2033,14/08/2025,100,100
GRN-5012,PO-2036,09/04/2025,100,100
GRN-5013,PO-2039,19/01/2026,100,100
GRN-5014,PO-2042,07/12/2025,100,100
GRN-5015,PO-2045,05/01/2026,100,100
GRN-5016,PO-2048,11/07/2026,100,100
GRN-5017,PO-2051,22/08/2025,100,100
GRN-5018,PO-2054,07/12/2025,100,100
GRN-5019,PO-2057,25/07/2025,100,100
GRN-5020,PO-2060,01/08/2026,100,100
GRN-5021,PO-2063,11/06/2025,100,100
GRN-5022,PO-2066,02/04/2026,100,100
GRN-5023,PO-2069,05/06/2026,100,100
GRN-5024,PO-2072,05/04/2025,100,100
GRN-5025,PO-2075,25/01/2026,100,100
GRN-5026,PO-2078,27/07/2025,100,100
GRN-5027,PO-2081,24/10/2025,100,100
GRN-5028,PO-2084,22/05/2025,100,100
GRN-5029,PO-2087,21/01/2026,100,100
GRN-5030,PO-2090,17/05/2025,100,100
GRN-5031,PO-2093,03/08/2025,100,100
GRN-5032,PO-2096,20/06/2025,100,100
GRN-5033,PO-2099,12/04/2026,100,100
GRN-5034,PO-2102,14/01/2026,100,100
GRN-5035,PO-2105,20/08/2025,100,100
GRN-5036,PO-2108,25/07/2025,100,100
GRN-5037,PO-2111,16/07/2026,100,100
GRN-5038,PO-2114,16/09/2025,100,100
GRN-5039,PO-2117,10/05/2026,100,100
GRN-5040,PO-2120,26/10/2025,100,100
GRN-5041,PO-2123,31/03/2025,100,100
GRN-5042,PO-2126,02/01/2026,100,100
GRN-5043,PO-2129,22/07/2025,100,100
GRN-5044,PO-2132,30/09/2025,100,100
GRN-5045,PO-2135,22/03/2026,100,100
GRN-5046,PO-2138,25/08/2025,100,100
GRN-5047,PO-2141,01/09/2025,100,100
GRN-5048,PO-2144,19/07/2025,100,100
GRN-5049,PO-2147,11/06/2026,100,100
GRN-5050,PO-2150,17/05/2025,100,100
GRN-5051,PO-2153,31/03/2025,100,100
GRN-5052,PO-2156,31/01/2026,100,100
GRN-5053,PO-2159,17/06/2025,100,100
GRN-5054,PO-2162,22/05/2026,100,100
GRN-5055,PO-2165,10/04/2025,100,100
GRN-5056,PO-2168,05/04/2025,100,100
GRN-5057,PO-2171,04/04/2026,100,100
GRN-5058,PO-2174,28/06/2025,100,100
GRN-5059,PO-2177,26/03/2025,100,100
GRN-5060,PO-2180,18/04/2025,100,100
GRN-5061,PO-2183,16/07/2025,100,100
GRN-5062,PO-2186,09/03/2026,100,100
GRN-5063,PO-2189,23/12/2025,100,100
GRN-5064,PO-2192,09/09/2025,100,100
GRN-5065,PO-2195,21/02/2026,100,100
GRN-5066,PO-2198,23/05/2025,100,100
GRN-5067,PO-2201,09/03/2026,100,100
GRN-5068,PO-2204,24/03/2026,100,100
GRN-5069,PO-2207,11/03/2025,100,100
GRN-5070,PO-2210,03/07/2025,100,100
GRN-5071,PO-2213,11/08/2025,100,100
GRN-5072,PO-2216,27/07/2026,100,100
GRN-5073,PO-2219,16/11/2025,100,100
GRN-5074,PO-2222,22/06/2026,100,100
GRN-5075,PO-2225,13/03/2026,100,100
GRN-5076,PO-2228,18/06/2026,100,100
GRN-5077,PO-2231,18/03/2026,100,100
GRN-5078,PO-2234,15/10/2025,100,100
GRN-5079,PO-2237,04/07/2025,100,100
GRN-5080,PO-2240,02/10/2025,100,100
GRN-5081,PO-2243,08/04/2025,100,100
GRN-5082,PO-2246,06/12/2025,100,100
GRN-5083,PO-2249,21/05/2026,100,100
GRN-5084,PO-2252,19/04/2025,100,100
GRN-5085,PO-2255,11/12/2025,100,100
GRN-5086,PO-2258,25/04/2025,100,100
GRN-5087,PO-2261,18/10/2025,100,100
GRN-5088,PO-2264,08/04/2025,100,100
GRN-5089,PO-2267,30/11/2025,100,100
GRN-5090,PO-2270,13/04/2025,100,100
GRN-5091,PO-2273,28/05/2026,100,100
GRN-5092,PO-2276,06/10/2025,100,100
GRN-5093,PO-2279,16/07/2026,100,100
GRN-5094,PO-2282,15/05/2026,100,100
GRN-5095,PO-2285,02/08/2025,100,100
GRN-5096,PO-2288,12/07/2026,100,100
GRN-5097,PO-2291,01/07/2026,100,100
GRN-5098,PO-2294,22/03/2025,100,100
GRN-5099,PO-2297,17/08/2025,100,100
GRN-5100,PO-2300,07/08/2025,100,100
GRN-5101,PO-2303,17/08/2025,100,100
GRN-5102,PO-2306,02/12/2025,100,100
GRN-5103,PO-2309,03/10/2025,100,100
GRN-5104,PO-2312,15/11/2025,100,100
GRN-5105,PO-2315,02/04/2025,100,100
GRN-5106,PO-2318,14/05/2026,100,100
GRN-5107,PO-2321,04/03/2026,100,100
GRN-5108,PO-2324,17/07/2026,100,100
GRN-5109,PO-2327,15/07/2025,100,100
GRN-5110,PO-2330,21/07/2026,100,100
GRN-5111,PO-2333,21/03/2025,100,100
GRN-5112,PO-2336,21/10/2025,100,100
GRN-5113,PO-2339,26/03/2026,100,100
GRN-5114,PO-2342,02/12/2025,100,100
GRN-5115,PO-2345,11/10/2025,100,100
GRN-5116,PO-2348,08/02/2026,100,100
GRN-5117,PO-2351,27/09/2025,100,100
GRN-5118,PO-2354,21/03/2025,100,100
GRN-5119,PO-2357,15/06/2026,100,100
GRN-5120,PO-2360,10/05/2026,100,100
GRN-5121,PO-2363,20/03/2026,100,100
GRN-5122,PO-2366,11/06/2026,100,100
GRN-5123,PO-2369,03/09/2025,100,100
GRN-5124,PO-2372,28/07/2025,100,100
GRN-5125,PO-2375,14/05/2025,100,100
GRN-5126,PO-2378,26/06/2025,100,100
GRN-5127,PO-2381,05/06/2026,100,100
GRN-5128,PO-2384,27/12/2025,100,100
GRN-5129,PO-2387,01/05/2025,100,100
GRN-5130,PO-2390,01/05/2026,100,100
GRN-5131,PO-2393,17/04/2025,100,100
GRN-5132,PO-2396,02/11/2025,100,100
GRN-5133,PO-2399,07/07/2026,100,100
GRN-5134,PO-2402,06/03/2026,100,100
GRN-5135,PO-2405,15/11/2025,100,100
GRN-5136,PO-2408,04/05/2026,100,100
GRN-5137,PO-2411,12/10/2025,100,100
GRN-5138,PO-2414,31/01/2026,100,100
GRN-5139,PO-2417,02/08/2026,100,100
GRN-5140,PO-2420,08/02/2026,100,100
GRN-5141,PO-2423,21/10/2025,100,100
GRN-5142,PO-2426,01/05/2026,100,100
GRN-5143,PO-2429,17/11/2025,100,100
GRN-5144,PO-2432,28/04/2026,100,100
GRN-5145,PO-2435,07/03/2026,100,100
GRN-5146,PO-2438,10/04/2025,100,100
GRN-5147,PO-2441,01/08/2026,100,100
GRN-5148,PO-2444,11/04/2026,100,100
GRN-5149,PO-2447,22/05/2025,100,100
GRN-5150,PO-2450,15/08/2026,100,100
GRN-5151,PO-2453,03/07/2025,100,100
GRN-5152,PO-2456,22/03/2026,100,100
GRN-5153,PO-2459,11/07/2025,100,100
GRN-5154,PO-2462,17/09/2025,100,100
GRN-5155,PO-2465,10/06/2025,100,100
GRN-5156,PO-2468,24/04/2026,100,100
GRN-5157,PO-2471,23/10/2025,100,100
GRN-5158,PO-2474,28/11/2025,100,100
GRN-5159,PO-2477,04/07/2026,100,100
GRN-5160,PO-2480,20/07/2025,100,100
GRN-5161,PO-2483,20/03/2026,100,100
GRN-5162,PO-2486,17/03/2026,100,100
GRN-5163,PO-2489,13/04/2026,100,100
GRN-5164,PO-2492,02/05/2026,100,100
GRN-5165,PO-2495,13/05/2026,100,100
GRN-5166,PO-2498,04/08/2025,100,100
GRN-5167,PO-2501,12/06/2025,100,100
GRN-5168,PO-2504,08/09/2025,100,100
GRN-5169,PO-2507,09/06/2025,100,100
GRN-5170,PO-2510,14/06/2025,100,100
GRN-5171,PO-2513,17/05/2026,100,100
GRN-5172,PO-2516,18/04/2025,100,100
GRN-5173,PO-2519,12/04/2025,100,100
GRN-5174,PO-2522,03/04/2025,100,100
GRN-5175,PO-2525,31/05/2025,100,100
GRN-5176,PO-2528,29/05/2025,100,100
GRN-5177,PO-2531,02/11/2025,100,100
GRN-5178,PO-2534,20/04/2025,100,100
GRN-5179,PO-2537,01/11/2025,100,100
GRN-5180,PO-2540,11/11/2025,100,100
GRN-5181,PO-2543,18/03/2026,100,100
GRN-5182,PO-2546,15/04/2026,100,100
GRN-5183,PO-2549,13/07/2026,100,100
GRN-5184,PO-2552,28/02/2026,100,100
GRN-5185,PO-2555,24/05/2026,100,100
GRN-5186,PO-2558,03/08/2026,100,100
GRN-5187,PO-2561,03/04/2026,100,100
GRN-5188,PO-2564,14/09/2025,100,100
GRN-5189,PO-2567,30/12/2025,100,100
GRN-5190,PO-2570,01/03/2026,100,100
GRN-5191,PO-2573,30/08/2025,100,100
GRN-5192,PO-2576,05/03/2025,100,100
GRN-5193,PO-2579,13/05/2025,100,100
GRN-5194,PO-2582,10/05/2026,100,100
GRN-5195,PO-2585,21/04/2025,100,100
GRN-5196,PO-2588,27/07/2026,100,100
GRN-5197,PO-2591,13/01/2026,100,100
GRN-5198,PO-2594,28/08/2025,100,100
GRN-5199,PO-2597,12/01/2026,100,100
GRN-5200,PO-2600,15/01/2026,100,100
GRN-5201,PO-2603,07/04/2026,100,100
GRN-5202,PO-2606,03/08/2025,100,100
GRN-5203,PO-2609,28/12/2025,100,100
GRN-5204,PO-2612,09/07/2026,100,100
GRN-5205,PO-2615,09/06/2025,100,100
GRN-5206,PO-2618,10/10/2025,100,100
GRN-5207,PO-2621,13/05/2026,100,100
GRN-5208,PO-2624,23/08/2025,100,100
GRN-5209,PO-2627,04/11/2025,100,100
GRN-5210,PO-2630,27/10/2025,100,100
GRN-5211,PO-2633,22/05/2026,100,100
GRN-5212,PO-2636,21/05/2025,100,100
GRN-5213,PO-2639,10/02/2026,100,100
GRN-5214,PO-2642,09/12/2025,100,100
GRN-5215,PO-2645,24/08/2025,100,100
GRN-5216,PO-2648,16/06/2026,100,100
GRN-5217,PO-2651,04/12/2025,100,100
GRN-5218,PO-2654,19/09/2025,100,100
GRN-5219,PO-2657,05/06/2025,100,100
GRN-5220,PO-2660,09/08/2026,100,100
GRN-5221,PO-2663,01/06/2025,100,100
GRN-5222,PO-2666,20/12/2025,100,100
GRN-5223,PO-2669,01/11/2025,100,100
GRN-5224,PO-2672,09/08/2026,100,100
GRN-5225,PO-2675,28/08/2025,100,100
GRN-5226,PO-2678,19/06/2025,100,100
GRN-5227,PO-2681,06/10/2025,100,100
GRN-5228,PO-2684,09/11/2025,100,100
GRN-5229,PO-2687,05/06/2025,100,100
GRN-5230,PO-2690,02/04/2026,100,100
GRN-5231,PO-2693,11/07/2025,100,100
GRN-5232,PO-2696,27/05/2026,100,100
GRN-5233,PO-2699,09/05/2026,100,100
GRN-5234,PO-2702,16/03/2025,100,100
GRN-5235,PO-2705,25/08/2026,100,100
GRN-5236,PO-2708,19/11/2025,100,100
GRN-5237,PO-2711,15/08/2026,100,100
GRN-5238,PO-2714,08/07/2025,100,100
GRN-5239,PO-2717,14/07/2026,100,100
GRN-5240,PO-2720,19/04/2026,100,100
GRN-5241,PO-2723,31/03/2026,100,100
GRN-5242,PO-2726,03/03/2026,100,100
GRN-5243,PO-2729,25/07/2025,100,100
GRN-5244,PO-2732,18/05/2026,100,100
GRN-5245,PO-2735,19/05/2025,100,100
GRN-5246,PO-2738,09/04/2025,100,100
GRN-5247,PO-2741,16/06/2026,100,100
GRN-5248,PO-2744,20/08/2025,100,100
GRN-5249,PO-2747,20/03/2026,100,100
GRN-5250,PO-2750,27/03/2025,100,100
GRN-5251,PO-2753,26/09/2025,100,100
GRN-5252,PO-2756,01/08/2025,100,100
GRN-5253,PO-2759,01/09/2025,100,100
GRN-5254,PO-2762,04/09/2025,100,100
GRN-5255,PO-2765,12/01/2026,100,100
GRN-5256,PO-2768,14/11/2025,100,100
GRN-5257,PO-2771,11/11/2025,100,100
GRN-5258,PO-2774,17/11/2025,100,100
GRN-5259,PO-2777,19/05/2025,100,100
GRN-5260,PO-2780,11/04/2025,100,100
GRN-5261,PO-2783,26/08/2025,100,100
GRN-5262,PO-2786,27/09/2025,100,100
GRN-5263,PO-2789,03/04/2025,100,100
GRN-5264,PO-2792,01/03/2025,100,100
GRN-5265,PO-2795,14/11/2025,100,100
GRN-5266,PO-2798,24/09/2025,100,100
GRN-5267,PO-2801,24/08/2025,100,100
GRN-5268,PO-2804,01/07/2025,100,100
GRN-5269,PO-2807,09/04/2026,100,100
GRN-5270,PO-2810,17/06/2025,100,100
GRN-5271,PO-2813,22/03/2026,100,100
GRN-5272,PO-2816,17/10/2025,100,100
GRN-5273,PO-2819,19/11/2025,100,100
GRN-5274,PO-2822,07/06/2025,100,100
GRN-5275,PO-2825,07/02/2026,100,100
GRN-5276,PO-2828,24/05/2025,100,100
GRN-5277,PO-2831,06/12/2025,100,100
GRN-5278,PO-2834,04/03/2026,100,100
GRN-5279,PO-2837,08/06/2026,100,100
GRN-5280,PO-2840,27/05/2026,100,100
GRN-5281,PO-2843,17/07/2026,100,100
GRN-5282,PO-2846,20/07/2026,100,100
GRN-5283,PO-2849,16/11/2025,100,100
GRN-5284,PO-2852,04/07/2025,100,100
GRN-5285,PO-2855,19/02/2026,100,100
GRN-5286,PO-2858,20/06/2026,100,100
GRN-5287,PO-2861,03/10/2025,100,100
GRN-5288,PO-2864,13/08/2025,100,100
GRN-5289,PO-2867,01/06/2026,100,100
GRN-5290,PO-2870,18/06/2025,100,100
GRN-5291,PO-2873,10/03/2026,100,100
GRN-5292,PO-2876,29/05/2025,100,100
GRN-5293,PO-2879,01/07/2025,100,100
GRN-5294,PO-2882,17/05/2025,100,100
GRN-5295,PO-2885,09/07/2026,100,100
GRN-5296,PO-2888,29/04/2026,100,100
GRN-5297,PO-2891,19/06/2025,100,100
GRN-5298,PO-2894,19/02/2026,100,100
GRN-5299,PO-2897,25/12/2025,100,100
GRN-5300,PO-2900,06/03/2026,100,100
GRN-5301,PO-2903,29/09/2025,100,100
GRN-5302,PO-2906,31/05/2025,100,100
GRN-5303,PO-2909,18/11/2025,100,100
GRN-5304,PO-2912,27/09/2025,100,100
GRN-5305,PO-2915,01/08/2025,100,100
GRN-5306,PO-2918,26/04/2025,100,100
GRN-5307,PO-2921,06/04/2026,100,100
GRN-5308,PO-2924,22/09/2025,100,100
GRN-5309,PO-2927,26/07/2025,100,100
GRN-5310,PO-2930,02/07/2026,100,100
GRN-5311,PO-2933,17/04/2026,100,100
GRN-5312,PO-2936,28/03/2025,100,100
GRN-5313,PO-2939,28/03/2025,100,100
GRN-5314,PO-2942,12/08/2025,100,100
GRN-5315,PO-2945,08/01/2026,100,100
GRN-5316,PO-2948,03/04/2026,100,100
GRN-5317,PO-2951,16/11/2025,100,100
GRN-5318,PO-2954,07/08/2026,100,100
GRN-5319,PO-2957,25/02/2026,100,100
GRN-5320,PO-2960,20/07/2026,100,100
GRN-5321,PO-2963,07/08/2025,100,100
GRN-5322,PO-2966,28/06/2026,100,100
GRN-5323,PO-2969,30/08/2026,100,100
GRN-5324,PO-2972,03/09/2025,100,100
GRN-5325,PO-2975,14/11/2025,100,100
GRN-5326,PO-2978,24/06/2026,100,100
GRN-5327,PO-2981,10/02/2026,100,100
GRN-5328,PO-2984,11/01/2026,100,100
GRN-5329,PO-2987,17/07/2025,100,100
GRN-5330,PO-2990,02/07/2025,100,100
GRN-5331,PO-2993,26/04/2025,100,100
GRN-5332,PO-2996,24/10/2025,100,100
GRN-5333,PO-2999,03/03/2025,100,100
GRN-5334,PO-3002,13/08/2025,100,100
GRN-5335,PO-3005,23/06/2026,100,100
GRN-5336,PO-3008,01/04/2025,100,100
GRN-5337,PO-3011,25/02/2026,100,100
GRN-5338,PO-3014,07/06/2026,100,100
GRN-5339,PO-3017,26/07/2026,100,100
GRN-5340,PO-3020,06/04/2026,100,100
GRN-5341,PO-3023,02/07/2025,100,100
GRN-5342,PO-3026,25/10/2025,100,100
GRN-5343,PO-3029,28/07/2025,100,100
GRN-5344,PO-3032,07/02/2026,100,100
GRN-5345,PO-3035,17/01/2026,100,100
GRN-5346,PO-3038,06/07/2026,100,100
GRN-5347,PO-3041,09/05/2025,100,100
GRN-5348,PO-3044,12/09/2025,100,100
GRN-5349,PO-3047,22/02/2026,100,100
GRN-5350,PO-3050,04/02/2026,100,100
GRN-5351,PO-3053,01/10/2025,100,100
GRN-5352,PO-3056,19/07/2025,100,100
GRN-5353,PO-3059,26/08/2026,100,100
GRN-5354,PO-3062,23/04/2025,100,100
GRN-5355,PO-3065,15/07/2025,100,100
GRN-5356,PO-3068,13/03/2025,100,100
GRN-5357,PO-3071,04/10/2025,100,100
GRN-5358,PO-3074,26/04/2025,100,100
GRN-5359,PO-3077,12/11/2025,100,100
GRN-5360,PO-3080,03/06/2025,100,100
GRN-5361,PO-3083,11/05/2025,100,100
GRN-5362,PO-3086,29/10/2025,100,100
GRN-5363,PO-3089,02/06/2026,100,100
GRN-5364,PO-3092,05/05/2025,100,100
GRN-5365,PO-3095,12/06/2026,100,100
GRN-5366,PO-3098,14/08/2025,100,100
GRN-5367,PO-3101,29/06/2025,100,100
GRN-5368,PO-3104,01/03/2026,100,100
GRN-5369,PO-3107,16/12/2025,100,100
GRN-5370,PO-3110,09/04/2026,100,100
GRN-5371,PO-3113,22/05/2026,100,100
GRN-5372,PO-3116,12/06/2025,100,100
GRN-5373,PO-3119,03/05/2026,100,100
GRN-5374,PO-3122,06/07/2026,100,100
GRN-5375,PO-3125,25/05/2026,100,100
GRN-5376,PO-3128,11/08/2025,100,100
GRN-5377,PO-3131,10/12/2025,100,100
GRN-5378,PO-3134,29/04/2025,100,100
GRN-5379,PO-3137,09/04/2025,100,100
GRN-5380,PO-3140,06/02/2026,100,100
GRN-5381,PO-3143,31/05/2025,100,100
GRN-5382,PO-3146,14/05/2026,100,100
GRN-5383,PO-3149,30/04/2026,100,100
GRN-5384,PO-3152,14/05/2025,100,100
GRN-5385,PO-3155,16/09/2025,100,100
GRN-5386,PO-3158,23/03/2025,100,100
GRN-5387,PO-3161,19/10/2025,100,100
GRN-5388,PO-3164,13/03/2025,100,100
GRN-5389,PO-3167,22/10/2025,100,100
GRN-5390,PO-3170,14/07/2026,100,100
GRN-5391,PO-3173,13/07/2025,100,100
GRN-5392,PO-3176,11/08/2026,100,100
GRN-5393,PO-3179,07/06/2025,100,100
GRN-5394,PO-3182,15/07/2025,100,100
GRN-5395,PO-3185,23/10/2025,100,100
GRN-5396,PO-3188,08/11/2025,100,100
GRN-5397,PO-3191,11/06/2026,100,100
GRN-5398,PO-3194,16/06/2025,100,100
GRN-5399,PO-3197,19/04/2026,100,100
GRN-5400,PO-3200,27/11/2025,100,100
GRN-5401,PO-3203,11/11/2025,100,100
GRN-5402,PO-3206,05/01/2026,100,100
GRN-5403,PO-3209,30/04/2025,100,100
GRN-5404,PO-3212,07/04/2025,100,100
GRN-5405,PO-3215,03/08/2025,100,100
GRN-5406,PO-3218,27/11/2025,100,100
GRN-5407,PO-3221,02/10/2025,100,100
GRN-5408,PO-3224,05/05/2026,100,100
GRN-5409,PO-3227,12/08/2025,100,100
GRN-5410,PO-3230,07/05/2026,100,100
GRN-5411,PO-3233,12/12/2025,100,100
GRN-5412,PO-3236,07/10/2025,100,100
GRN-5413,PO-3239,23/02/2025,100,100
GRN-5414,PO-3242,29/01/2026,100,100
GRN-5415,PO-3245,04/04/2025,100,100
GRN-5416,PO-3248,17/01/2026,100,100
GRN-5417,PO-3251,05/04/2025,100,100
GRN-5418,PO-3254,03/07/2025,100,100
GRN-5419,PO-3257,01/07/2026,100,100
GRN-5420,PO-3260,22/05/2025,100,100
GRN-5421,PO-3263,06/12/2025,100,100
GRN-5422,PO-3266,14/08/2026,100,100
GRN-5423,PO-3269,28/07/2025,100,100
GRN-5424,PO-3272,06/03/2025,100,100
GRN-5425,PO-3275,01/12/2025,100,100
GRN-5426,PO-3278,14/03/2025,100,100
GRN-5427,PO-3281,22/07/2025,100,100
GRN-5428,PO-3284,11/10/2025,100,100
GRN-5429,PO-3287,02/04/2025,100,100
GRN-5430,PO-3290,18/03/2026,100,100
GRN-5431,PO-3293,14/04/2026,100,100
GRN-5432,PO-3296,14/07/2025,100,100
GRN-5433,PO-3299,23/05/2026,100,100
GRN-5434,PO-3302,22/05/2026,100,100
GRN-5435,PO-3305,15/05/2026,100,100
GRN-5436,PO-3308,12/09/2025,100,100
GRN-5437,PO-3311,04/04/2025,100,100
GRN-5438,PO-3314,29/07/2025,100,100
GRN-5439,PO-3317,28/06/2025,100,100
GRN-5440,PO-3320,26/02/2026,100,100
GRN-5441,PO-3323,10/10/2025,100,100
GRN-5442,PO-3326,30/07/2025,100,100
GRN-5443,PO-3329,01/08/2025,100,100
GRN-5444,PO-3332,11/06/2025,100,100
GRN-5445,PO-3335,22/08/2025,100,100
GRN-5446,PO-3338,18/04/2025,100,100
GRN-5447,PO-3341,07/06/2026,100,100
GRN-5448,PO-3344,20/02/2025,100,100
GRN-5449,PO-3347,31/07/2025,100,100
GRN-5450,PO-3350,16/08/2026,100,100
GRN-5451,PO-3353,24/11/2025,100,100
GRN-5452,PO-3356,15/08/2026,100,100
GRN-5453,PO-3359,04/04/2025,100,100
GRN-5454,PO-3362,25/04/2025,100,100
GRN-5455,PO-3365,16/03/2025,100,100
GRN-5456,PO-3368,31/01/2026,100,100
GRN-5457,PO-3371,16/10/2025,100,100
GRN-5458,PO-3374,24/02/2026,100,100
GRN-5459,PO-3377,25/06/2025,100,100
GRN-5460,PO-3380,14/01/2026,100,100
GRN-5461,PO-3383,30/04/2026,100,100
GRN-5462,PO-3386,03/01/2026,100,100
GRN-5463,PO-3389,15/05/2025,100,100
GRN-5464,PO-3392,09/03/2025,100,100
GRN-5465,PO-3395,09/10/2025,100,100
GRN-5466,PO-3398,09/05/2026,100,100
GRN-5467,PO-3401,20/06/2026,100,100
GRN-5468,PO-3404,12/09/2025,100,100
GRN-5469,PO-3407,10/01/2026,100,100
GRN-5470,PO-3410,23/10/2025,100,100
GRN-5471,PO-3413,03/01/2026,100,100
GRN-5472,PO-3416,12/04/2026,100,100
GRN-5473,PO-3419,18/03/2026,100,100
GRN-5474,PO-3422,05/05/2025,100,100
GRN-5475,PO-3425,03/06/2025,100,100
GRN-5476,PO-3428,23/05/2026,100,100
GRN-5477,PO-3431,10/05/2026,100,100
GRN-5478,PO-3434,18/04/2025,100,100
GRN-5479,PO-3437,26/07/2026,100,100
GRN-5480,PO-3440,05/09/2025,100,100
GRN-5481,PO-3443,24/09/2025,100,100
GRN-5482,PO-3446,13/12/2025,100,100
GRN-5483,PO-3449,20/12/2025,100,100
GRN-5484,PO-3452,16/10/2025,100,100
GRN-5485,PO-3455,22/08/2025,100,100
GRN-5486,PO-3458,06/11/2025,100,100
GRN-5487,PO-3461,26/08/2025,100,100
GRN-5488,PO-3464,19/03/2026,100,100
GRN-5489,PO-3467,30/10/2025,100,100
GRN-5490,PO-3470,30/11/2025,100,100
GRN-5491,PO-3473,19/07/2026,100,100
GRN-5492,PO-3476,17/06/2026,100,100
GRN-5493,PO-3479,25/11/2025,100,100
GRN-5494,PO-3482,24/06/2025,100,100
GRN-5495,PO-3485,01/09/2025,100,100
GRN-5496,PO-3488,25/12/2025,100,100
GRN-5497,PO-3491,22/09/2025,100,100
GRN-5498,PO-3494,14/03/2025,100,100
GRN-5499,PO-3497,23/11/2025,100,100
GRN-5500,PO-3500,31/07/2026,100,100
GRN-5501,PO-3503,08/12/2025,100,100
GRN-5502,PO-3506,04/04/2025,100,100
GRN-5503,PO-3509,09/07/2026,100,100
GRN-5504,PO-3512,02/02/2026,100,100
GRN-5505,PO-3515,17/03/2025,100,100
GRN-5506,PO-3518,20/07/2025,100,100
GRN-5507,PO-3521,13/03/2025,100,100
GRN-5508,PO-3524,24/03/2025,100,100
GRN-5509,PO-3527,11/04/2025,100,100
GRN-5510,PO-3530,10/04/2026,100,100
GRN-5511,PO-3533,31/01/2026,100,100
GRN-5512,PO-3536,03/04/2026,100,100
GRN-5513,PO-3539,06/06/2026,100,100
GRN-5514,PO-3542,21/06/2026,100,100
GRN-5515,PO-3545,17/07/2026,100,100
GRN-5516,PO-3548,21/05/2026,100,100
GRN-5517,PO-3551,19/06/2026,100,100
GRN-5518,PO-3554,27/12/2025,100,100
GRN-5519,PO-3557,22/06/2026,100,100
GRN-5520,PO-3560,20/05/2025,100,100
GRN-5521,PO-3563,11/08/2026,100,100
GRN-5522,PO-3566,11/04/2025,100,100
GRN-5523,PO-3569,06/01/2026,100,100
GRN-5524,PO-3572,12/07/2025,100,100
GRN-5525,PO-3575,14/07/2026,100,100
GRN-5526,PO-3578,04/11/2025,100,100
GRN-5527,PO-3581,27/07/2026,100,100
GRN-5528,PO-3584,24/03/2025,100,100
GRN-5529,PO-3587,05/12/2025,100,100
GRN-5530,PO-3590,08/01/2026,100,100
GRN-5531,PO-3593,30/05/2026,100,100
GRN-5532,PO-3596,28/01/2026,100,100
GRN-5533,PO-3599,10/01/2026,100,100
GRN-5534,PO-3602,23/01/2026,100,100
GRN-5535,PO-3605,20/06/2026,100,100
GRN-5536,PO-3608,28/09/2025,100,100
GRN-5537,PO-3611,15/06/2025,100,100
GRN-5538,PO-3614,02/09/2025,100,100
GRN-5539,PO-3617,18/07/2026,100,100
GRN-5540,PO-3620,21/03/2025,100,100
GRN-5541,PO-3623,19/07/2025,100,100
GRN-5542,PO-3626,26/09/2025,100,100
GRN-5543,PO-3629,13/02/2025,100,100
GRN-5544,PO-3632,08/05/2025,100,100
GRN-5545,PO-3635,01/05/2025,100,100
GRN-5546,PO-3638,27/05/2026,100,100
GRN-5547,PO-3641,03/04/2026,100,100
GRN-5548,PO-3644,29/05/2025,100,100
GRN-5549,PO-3647,08/03/2026,100,100
GRN-5550,PO-3650,05/06/2025,100,100
GRN-5551,PO-3653,18/04/2026,100,100
GRN-5552,PO-3656,18/04/2026,100,100
GRN-5553,PO-3659,21/06/2026,100,100
GRN-5554,PO-3662,15/08/2025,100,100
GRN-5555,PO-3665,05/08/2026,100,100
GRN-5556,PO-3668,02/06/2026,100,100
GRN-5557,PO-3671,05/03/2026,100,100
GRN-5558,PO-3674,03/02/2026,100,100
GRN-5559,PO-3677,02/12/2025,100,100
GRN-5560,PO-3680,06/05/2025,100,100
GRN-5561,PO-3683,17/05/2025,100,100
GRN-5562,PO-3686,07/05/2025,100,100
GRN-5563,PO-3689,30/06/2026,100,100
GRN-5564,PO-3692,27/12/2025,100,100
GRN-5565,PO-3695,24/05/2025,100,100
GRN-5566,PO-3698,04/02/2026,100,100
GRN-5567,PO-3701,20/04/2025,100,100
GRN-5568,PO-3704,30/11/2025,100,100
GRN-5569,PO-3707,21/05/2025,100,100
GRN-5570,PO-3710,04/04/2025,100,100
GRN-5571,PO-3713,06/12/2025,100,100
GRN-5572,PO-3716,26/12/2025,100,100
GRN-5573,PO-3719,10/02/2026,100,100
GRN-5574,PO-3722,30/03/2026,100,100
GRN-5575,PO-3725,22/09/2025,100,100
GRN-5576,PO-3728,05/01/2026,100,100
GRN-5577,PO-3731,31/10/2025,100,100
GRN-5578,PO-3734,08/06/2026,100,100
GRN-5579,PO-3737,02/07/2026,100,100
GRN-5580,PO-3740,04/01/2026,100,100
GRN-5581,PO-3743,02/07/2025,100,100
GRN-5582,PO-3746,06/12/2025,100,100
GRN-5583,PO-3749,27/05/2026,100,100
GRN-5584,PO-3752,29/06/2026,100,100
GRN-5585,PO-3755,26/06/2026,100,100
GRN-5586,PO-3758,06/02/2026,100,100
GRN-5587,PO-3761,15/06/2025,100,100
GRN-5588,PO-3764,16/06/2025,100,100
GRN-5589,PO-3767,17/07/2026,100,100
GRN-5590,PO-3770,25/08/2025,100,100
GRN-5591,PO-3773,31/07/2025,100,100
GRN-5592,PO-3776,13/08/2025,100,100
GRN-5593,PO-3779,08/09/2025,100,100
GRN-5594,PO-3782,19/09/2025,100,100
GRN-5595,PO-3785,27/06/2025,100,100
GRN-5596,PO-3788,17/09/2025,100,100
GRN-5597,PO-3791,14/09/2025,100,100
GRN-5598,PO-3794,08/04/2026,100,100
GRN-5599,PO-3797,03/03/2026,100,100
GRN-5600,PO-3800,02/11/2025,100,100
GRN-5601,PO-3803,06/04/2025,100,100
GRN-5602,PO-3806,05/06/2026,100,100
GRN-5603,PO-3809,02/05/2026,100,100
GRN-5604,PO-3812,02/09/2025,100,100
GRN-5605,PO-3815,26/05/2026,100,100
GRN-5606,PO-3818,07/01/2026,100,100
GRN-5607,PO-3821,11/06/2026,100,100
GRN-5608,PO-3824,01/05/2026,100,100
GRN-5609,PO-3827,08/03/2026,100,100
GRN-5610,PO-3830,12/03/2026,100,100
GRN-5611,PO-3833,16/04/2026,100,100
GRN-5612,PO-3836,10/01/2026,100,100
GRN-5613,PO-3839,01/07/2025,100,100
GRN-5614,PO-3842,07/01/2026,100,100
GRN-5615,PO-3845,09/06/2026,100,100
GRN-5616,PO-3848,13/02/2026,100,100
GRN-5617,PO-3851,17/11/2025,100,100
GRN-5618,PO-3854,18/01/2026,100,100
GRN-5619,PO-3857,18/05/2026,100,100
GRN-5620,PO-3860,08/06/2026,100,100
GRN-5621,PO-3863,25/11/2025,100,100
GRN-5622,PO-3866,05/05/2026,100,100
GRN-5623,PO-3869,23/12/2025,100,100
GRN-5624,PO-3872,11/04/2025,100,100
GRN-5625,PO-3875,01/01/2026,100,100
GRN-5626,PO-3878,28/04/2026,100,100
GRN-5627,PO-3881,09/08/2026,100,100
GRN-5628,PO-3884,10/08/2025,100,100
GRN-5629,PO-3887,05/04/2026,100,100
GRN-5630,PO-3890,22/12/2025,100,100
GRN-5631,PO-3893,19/05/2026,100,100
GRN-5632,PO-3896,16/12/2025,100,100
GRN-5633,PO-3899,19/11/2025,100,100
GRN-5634,PO-3902,16/05/2026,100,100
GRN-5635,PO-3905,28/02/2026,100,100
GRN-5636,PO-3908,14/03/2025,100,100
GRN-5637,PO-3911,18/07/2025,100,100
GRN-5638,PO-3914,18/02/2025,100,100
GRN-5639,PO-3917,27/11/2025,100,100
GRN-5640,PO-3920,02/12/2025,100,100
GRN-5641,PO-3923,13/08/2025,100,100
GRN-5642,PO-3926,07/07/2025,100,100
GRN-5643,PO-3929,22/01/2026,100,100
GRN-5644,PO-3932,26/04/2025,100,100
GRN-5645,PO-3935,28/04/2026,100,100
GRN-5646,PO-3938,16/11/2025,100,100
GRN-5647,PO-3941,06/04/2026,100,100
GRN-5648,PO-3944,12/06/2026,100,100
GRN-5649,PO-3947,30/07/2025,100,100
GRN-5650,PO-3950,05/04/2025,100,100
GRN-5651,PO-3953,16/07/2025,100,100
GRN-5652,PO-3956,13/01/2026,100,100
GRN-5653,PO-3959,07/12/2025,100,100
GRN-5654,PO-3962,03/12/2025,100,100
GRN-5655,PO-3965,27/01/2026,100,100
GRN-5656,PO-3968,03/06/2026,100,100
GRN-5657,PO-3971,21/11/2025,100,100
GRN-5658,PO-3974,12/05/2025,100,100
GRN-5659,PO-3977,12/09/2025,100,100
GRN-5660,PO-3980,09/07/2026,100,100
GRN-5661,PO-3983,13/06/2025,100,100
GRN-5662,PO-3986,14/09/2025,100,100
GRN-5663,PO-3989,15/02/2026,100,100
GRN-5664,PO-3992,14/03/2025,100,100
GRN-5665,PO-3995,16/06/2026,100,100
GRN-5666,PO-3998,11/05/2025,100,100
GRN-5667,PO-4001,22/04/2025,100,100
GRN-5668,PO-4004,28/02/2025,100,100
GRN-5669,PO-4007,21/05/2025,100,100
GRN-5670,PO-4010,14/07/2025,100,100
GRN-5671,PO-4013,26/07/2025,100,100
GRN-5672,PO-4016,05/11/2025,100,100
GRN-5673,PO-4019,15/11/2025,100,100
GRN-5674,PO-4022,22/07/2026,100,100
GRN-5675,PO-4025,20/04/2026,100,100
GRN-5676,PO-4028,02/04/2025,100,100
GRN-5677,PO-4031,19/04/2025,100,100
GRN-5678,PO-4034,07/05/2026,100,100
GRN-5679,PO-4037,08/03/2026,100,100
GRN-5680,PO-4040,21/11/2025,100,100
GRN-5681,PO-4043,01/03/2026,100,100
GRN-5682,PO-4046,21/07/2025,100,100
GRN-5683,PO-4049,17/04/2026,100,100
GRN-5684,PO-4052,26/05/2026,100,100
GRN-5685,PO-4055,22/01/2026,100,100
GRN-5686,PO-4058,11/06/2025,100,100
GRN-5687,PO-4061,10/06/2025,100,100
GRN-5688,PO-4064,12/07/2026,100,100
GRN-5689,PO-4067,28/03/2025,100,100
GRN-5690,PO-4070,22/02/2026,100,100
GRN-5691,PO-4073,28/06/2026,100,100
GRN-5692,PO-4076,26/03/2025,100,100
GRN-5693,PO-4079,25/10/2025,100,100
GRN-5694,PO-4082,02/06/2026,100,100
GRN-5695,PO-4085,11/08/2025,100,100
GRN-5696,PO-4088,06/02/2026,100,100
GRN-5697,PO-4091,16/02/2026,100,100
GRN-5698,PO-4094,24/07/2026,100,100
GRN-5699,PO-4097,09/08/2026,100,100
GRN-5700,PO-4100,13/03/2026,100,100
GRN-5701,PO-4103,11/02/2026,100,100
GRN-5702,PO-4106,26/03/2026,100,100
GRN-5703,PO-4109,17/08/2026,100,100
GRN-5704,PO-4112,28/05/2025,100,100
GRN-5705,PO-4115,11/04/2025,100,100
GRN-5706,PO-4118,29/04/2025,100,100
GRN-5707,PO-4121,08/08/2026,100,100
GRN-5708,PO-4124,14/07/2026,100,100
GRN-5709,PO-4127,22/07/2025,100,100
GRN-5710,PO-4130,29/04/2025,100,100
GRN-5711,PO-4133,07/07/2025,100,100
GRN-5712,PO-4136,11/06/2025,100,100
GRN-5713,PO-4139,09/05/2025,100,100
GRN-5714,PO-4142,08/07/2026,100,100
GRN-5715,PO-4145,23/10/2025,100,100
GRN-5716,PO-4148,04/03/2026,100,100
GRN-5717,PO-4151,27/04/2025,100,100
GRN-5718,PO-4154,13/06/2026,100,100
GRN-5719,PO-4157,21/03/2025,100,100
GRN-5720,PO-4160,12/01/2026,100,100
GRN-5721,PO-4163,28/05/2025,100,100
GRN-5722,PO-4166,02/02/2026,100,100
GRN-5723,PO-4169,31/07/2025,100,100
GRN-5724,PO-4172,20/05/2025,100,100
GRN-5725,PO-4175,08/12/2025,100,100
GRN-5726,PO-4178,20/03/2025,100,100
GRN-5727,PO-4181,23/05/2026,100,100
GRN-5728,PO-4184,13/04/2026,100,100
GRN-5729,PO-4187,19/11/2025,100,100
GRN-5730,PO-4190,14/05/2026,100,100
GRN-5731,PO-4193,11/06/2026,100,100
GRN-5732,PO-4196,26/09/2025,100,100
GRN-5733,PO-4199,25/07/2026,100,100
GRN-5734,PO-4202,26/05/2026,100,100
GRN-5735,PO-4205,14/04/2025,100,100
GRN-5736,PO-4208,22/02/2026,100,100
GRN-5737,PO-4211,18/03/2026,100,100
GRN-5738,PO-4214,12/04/2025,100,100
GRN-5739,PO-4217,11/09/2025,100,100
GRN-5740,PO-4220,10/04/2025,100,100
GRN-5741,PO-4223,06/04/2026,100,100
GRN-5742,PO-4226,22/09/2025,100,100
GRN-5743,PO-4229,18/08/2025,100,100
GRN-5744,PO-4232,09/01/2026,100,100
GRN-5745,PO-4235,26/03/2025,100,100
GRN-5746,PO-4238,25/06/2025,100,100
GRN-5747,PO-4241,09/04/2025,100,100
GRN-5748,PO-4244,07/07/2026,100,100
GRN-5749,PO-4247,11/07/2025,100,100
GRN-5750,PO-4250,08/04/2025,100,100
GRN-5751,PO-4253,26/08/2025,100,100
GRN-5752,PO-4256,18/04/2025,100,100
GRN-5753,PO-4259,03/07/2026,100,100
GRN-5754,PO-4262,05/12/2025,100,100
GRN-5755,PO-4265,08/03/2026,100,100
GRN-5756,PO-4268,03/04/2026,100,100
GRN-5757,PO-4271,11/12/2025,100,100
GRN-5758,PO-4274,09/01/2026,100,100
GRN-5759,PO-4277,14/12/2025,100,100
GRN-5760,PO-4280,10/04/2026,100,100
GRN-5761,PO-4283,26/05/2026,100,100
GRN-5762,PO-4286,22/05/2026,100,100
GRN-5763,PO-4289,01/12/2025,100,100
GRN-5764,PO-4292,20/04/2025,100,100
GRN-5765,PO-4295,18/02/2026,100,100
GRN-5766,PO-4298,17/04/2025,100,100
GRN-5767,PO-4301,28/04/2026,100,100
GRN-5768,PO-4304,20/11/2025,100,100
GRN-5769,PO-4307,02/08/2026,100,100
GRN-5770,PO-4310,13/11/2025,100,100
GRN-5771,PO-4313,28/06/2026,100,100
GRN-5772,PO-4316,10/05/2025,100,100
GRN-5773,PO-4319,16/06/2025,100,100
GRN-5774,PO-4322,16/10/2025,100,100
GRN-5775,PO-4325,14/01/2026,100,100
GRN-5776,PO-4328,14/02/2026,100,100
GRN-5777,PO-4331,22/10/2025,100,100
GRN-5778,PO-4334,12/08/2026,100,100
GRN-5779,PO-4337,13/08/2025,100,100
GRN-5780,PO-4340,23/04/2026,100,100
GRN-5781,PO-4343,24/08/2025,100,100
GRN-5782,PO-4346,26/03/2025,100,100
GRN-5783,PO-4349,20/06/2026,100,100
GRN-5784,PO-4352,19/12/2025,100,100
GRN-5785,PO-4355,04/05/2026,100,100
GRN-5786,PO-4358,01/03/2026,100,100
GRN-5787,PO-4361,11/03/2026,100,100
GRN-5788,PO-4364,26/05/2026,100,100
GRN-5789,PO-4367,25/02/2026,100,100
GRN-5790,PO-4370,22/07/2026,100,100
GRN-5791,PO-4373,18/08/2025,100,100
GRN-5792,PO-4376,02/12/2025,100,100
GRN-5793,PO-4379,02/08/2025,100,100
GRN-5794,PO-4382,24/10/2025,100,100
GRN-5795,PO-4385,03/09/2025,100,100
GRN-5796,PO-4388,24/03/2025,100,100
GRN-5797,PO-4391,16/08/2025,100,100
GRN-5798,PO-4394,15/05/2026,100,100
GRN-5799,PO-4397,30/08/2025,100,100
GRN-5800,PO-4400,23/01/2026,100,100
GRN-5801,PO-4403,28/07/2026,100,100
GRN-5802,PO-4406,25/10/2025,100,100
GRN-5803,PO-4409,06/10/2025,100,100
GRN-5804,PO-4412,15/06/2025,100,100
GRN-5805,PO-4415,06/04/2026,100,100
GRN-5806,PO-4418,17/05/2026,100,100
GRN-5807,PO-4421,25/05/2026,100,100
GRN-5808,PO-4424,01/05/2025,100,100
GRN-5809,PO-4427,20/04/2025,100,100
GRN-5810,PO-4430,20/02/2026,100,100
GRN-5811,PO-4433,04/01/2026,100,100
GRN-5812,PO-4436,19/07/2026,100,100
GRN-5813,PO-4439,24/03/2025,100,100
GRN-5814,PO-4442,20/05/2026,100,100
GRN-5815,PO-4445,18/11/2025,100,100
GRN-5816,PO-4448,28/06/2025,100,100
GRN-5817,PO-4451,24/07/2025,100,100
GRN-5818,PO-4454,15/02/2026,100,100
GRN-5819,PO-4457,07/01/2026,100,100
GRN-5820,PO-4460,28/06/2026,100,100
GRN-5821,PO-4463,12/08/2026,100,100
GRN-5822,PO-4466,21/12/2025,100,100
GRN-5823,PO-4469,10/05/2025,100,100
GRN-5824,PO-4472,08/07/2026,100,100
GRN-5825,PO-4475,11/01/2026,100,100
GRN-5826,PO-4478,12/06/2026,100,100
GRN-5827,PO-4481,02/12/2025,100,100
GRN-5828,PO-4484,20/09/2025,100,100
GRN-5829,PO-4487,05/02/2026,100,100
GRN-5830,PO-4490,27/01/2026,100,100
GRN-5831,PO-4493,16/03/2025,100,100
GRN-5832,PO-4496,14/03/2025,100,100
GRN-5833,PO-4499,20/07/2025,100,100
GRN-5834,PO-4502,17/03/2025,100,100
GRN-5835,PO-4505,10/07/2026,100,100
GRN-5836,PO-4508,18/10/2025,100,100
GRN-5837,PO-4511,28/08/2025,100,100
GRN-5838,PO-4514,23/07/2026,100,100
GRN-5839,PO-4517,11/05/2026,100,100
GRN-5840,PO-4520,28/02/2026,100,100
GRN-5841,PO-4523,06/06/2025,100,100
GRN-5842,PO-4526,05/08/2025,100,100
GRN-5843,PO-4529,14/04/2025,100,100
GRN-5844,PO-4532,05/04/2025,100,100
GRN-5845,PO-4535,23/02/2026,100,100
GRN-5846,PO-4538,24/06/2026,100,100
GRN-5847,PO-4541,12/07/2026,100,100
GRN-5848,PO-4544,08/12/2025,100,100
GRN-5849,PO-4547,19/06/2026,100,100
GRN-5850,PO-4550,04/07/2026,100,100
GRN-5851,PO-4553,30/01/2026,100,100
GRN-5852,PO-4556,21/10/2025,100,100
GRN-5853,PO-4559,19/12/2025,100,100
GRN-5854,PO-4562,09/10/2025,100,100
GRN-5855,PO-4565,04/08/2025,100,100
GRN-5856,PO-4568,05/04/2025,100,100
GRN-5857,PO-4571,04/06/2026,100,100
GRN-5858,PO-4574,20/10/2025,100,100
GRN-5859,PO-4577,10/06/2025,100,100
GRN-5860,PO-4580,06/08/2026,100,100
GRN-5861,PO-4583,01/12/2025,100,100
GRN-5862,PO-4586,21/04/2026,100,100
GRN-5863,PO-4589,23/04/2025,100,100
GRN-5864,PO-4592,23/06/2025,100,100
GRN-5865,PO-4595,27/05/2025,100,100
GRN-5866,PO-4598,25/03/2026,100,100
GRN-5867,PO-4601,24/03/2025,100,100
GRN-5868,PO-4604,26/06/2025,100,100
GRN-5869,PO-4607,31/03/2026,100,100
GRN-5870,PO-4610,24/10/2025,100,100
GRN-5871,PO-4613,04/09/2025,100,100
GRN-5872,PO-4616,17/11/2025,100,100
GRN-5873,PO-4619,22/04/2026,100,100
GRN-5874,PO-4622,15/10/2025,100,100
GRN-5875,PO-4625,30/07/2026,100,100
GRN-5876,PO-4628,06/04/2025,100,100
GRN-5877,PO-4631,05/12/2025,100,100
GRN-5878,PO-4634,05/09/2025,100,100
GRN-5879,PO-4637,02/08/2026,100,100
GRN-5880,PO-4640,25/08/2025,100,100
GRN-5881,PO-4643,12/07/2025,100,100
GRN-5882,PO-4646,09/05/2025,100,100
GRN-5883,PO-4649,16/05/2025,100,100
GRN-5884,PO-4652,08/07/2025,100,100
GRN-5885,PO-4655,30/03/2025,100,100
GRN-5886,PO-4658,16/06/2025,100,100
GRN-5887,PO-4661,29/03/2026,100,100
GRN-5888,PO-4664,13/03/2026,100,100
GRN-5889,PO-4667,23/06/2025,100,100
GRN-5890,PO-4670,16/04/2026,100,100
GRN-5891,PO-4673,24/03/2025,100,100
GRN-5892,PO-4676,11/07/2025,100,100
GRN-5893,PO-4679,10/09/2025,100,100
GRN-5894,PO-4682,14/07/2026,100,100
GRN-5895,PO-4685,29/04/2025,100,100
GRN-5896,PO-4688,16/01/2026,100,100
GRN-5897,PO-4691,06/09/2025,100,100
GRN-5898,PO-4694,03/10/2025,100,100
GRN-5899,PO-4697,16/12/2025,100,100
GRN-5900,PO-4700,25/02/2025,100,100
GRN-5901,PO-4703,08/04/2026,100,100
GRN-5902,PO-4706,17/04/2026,100,100
GRN-5903,PO-4709,24/04/2026,100,100
GRN-5904,PO-4712,16/04/2026,100,100
GRN-5905,PO-4715,12/01/2026,100,100
GRN-5906,PO-4718,18/01/2026,100,100
GRN-5907,PO-4721,29/01/2026,100,100
GRN-5908,PO-4724,27/01/2026,100,100
GRN-5909,PO-4727,20/01/2026,100,100
GRN-5910,PO-4730,07/07/2026,183,200
GRN-5911,PO-4733,01/04/2025,163,200
GRN-5912,PO-4736,13/03/2026,179,200
GRN-5913,PO-4739,04/07/2026,100,100
GRN-5914,PO-4742,02/09/2025,100,100
GRN-5915,PO-4745,29/08/2026,100,100
